﻿batch_date,test_name,swab_type,covid19_test_results,age,high_risk_exposure_occupation,high_risk_interactions,diabetes,chd,htn,cancer,asthma,copd,autoimmune_dis,smoker,temperature,pulse,sys,dia,rr,sats,rapid_flu_results,rapid_strep_results,ctab,labored_respiration,rhonchi,wheezes,days_since_symptom_onset,cough,cough_severity,fever,sob,sob_severity,diarrhea,fatigue,headache,loss_of_smell,loss_of_taste,runny_nose,muscle_sore,sore_throat,cxr_findings,cxr_impression,cxr_label,cxr_link,er_referral
2020-04-14,Rapid COVID-19 Test,Nasopharyngeal,Negative,52,FALSE,FALSE,FALSE,FALSE,FALSE,FALSE,FALSE,FALSE,FALSE,FALSE,37.10,65,132,74,16,100,,,FALSE,FALSE,FALSE,FALSE,,FALSE,,,FALSE,,FALSE,FALSE,TRUE,FALSE,FALSE,FALSE,FALSE,FALSE,,,,,FALSE
2020-04-14,Rapid COVID-19 Test,Nasal,Negative,31,TRUE,FALSE,FALSE,FALSE,FALSE,FALSE,FALSE,FALSE,FALSE,FALSE,37.10,95,127,84,15,98,,,,FALSE,,,7,FALSE,,TRUE,FALSE,,FALSE,TRUE,TRUE,FALSE,TRUE,FALSE,TRUE,FALSE,"The cardiac silhouette is normal.
There is no radiographic evidence of pulmonary edema.
There is no radiographic evidence of pneumonia.
There is no pneumothorax visible.
",No significant abnormality.,Negative,https://braid.health/viewer/study/dfce1df21130ea5f5b9ac422bc04ec73c09b4461c1286699d6907b7ccee1f584?key=BIo8HvL8W_dy__4IdBFd1pxP3xoibTLfRwG4ErLo9Okog3RzXmcB0VJL-7onLz9PlL4OpSzut_hzZZGPnC6LX0,FALSE
2020-04-14,Rapid COVID-19 Test,Nasal,Negative,21,TRUE,FALSE,FALSE,FALSE,FALSE,FALSE,FALSE,FALSE,FALSE,FALSE,37.15,110,131,92,17,100,,,FALSE,FALSE,FALSE,FALSE,5,FALSE,,FALSE,TRUE,Moderate,FALSE,TRUE,TRUE,FALSE,FALSE,TRUE,FALSE,FALSE,"The cardiac silhouette is normal.
There is no radiographic evidence of pulmonary edema.
There is no radiographic evidence of pneumonia.
There is no pneumothorax visible. A moderate scoliosis is present.
",No acute abnormality.,Negative,https://braid.health/viewer/study/7525a207ace038b6d4f23f89cc748fd76700b1af3bc66faca105bd431f065563?key=BIo8HvL8W_dy__4IdBFd1pxP3xoibTLfRwG4ErLo9Okog3RzXmcB0VJL-7onLz9PlL4OpSzut_hzZZGPnC6LX0,FALSE
2020-04-14,Rapid COVID-19 Test,Nasal,Negative,54,TRUE,FALSE,FALSE,FALSE,FALSE,FALSE,FALSE,FALSE,FALSE,FALSE,37.00,94,128,84,16,96,,,FALSE,FALSE,FALSE,FALSE,14,TRUE,,,TRUE,,FALSE,TRUE,TRUE,FALSE,FALSE,FALSE,TRUE,FALSE,,,,,FALSE
2020-04-14,Rapid COVID-19 Test,Nasal,Negative,62,TRUE,TRUE,FALSE,FALSE,FALSE,FALSE,FALSE,FALSE,FALSE,FALSE,36.85,63,95,49,16,99,,,FALSE,FALSE,FALSE,FALSE,,FALSE,,,FALSE,,FALSE,FALSE,TRUE,FALSE,TRUE,FALSE,FALSE,FALSE,,,,,FALSE
2020-04-14,Rapid COVID-19 Test,Nasal,Negative,34,TRUE,TRUE,FALSE,FALSE,FALSE,FALSE,FALSE,FALSE,FALSE,FALSE,36.60,66,116,78,,100,,,FALSE,FALSE,FALSE,FALSE,30,FALSE,,FALSE,TRUE,Moderate,FALSE,TRUE,FALSE,FALSE,FALSE,FALSE,TRUE,FALSE,,,,,FALSE
2020-04-14,Rapid COVID-19 Test,Nasal,Positive,40,TRUE,FALSE,FALSE,FALSE,FALSE,FALSE,FALSE,FALSE,FALSE,FALSE,38.00,101,112,78,16,99,,,FALSE,FALSE,FALSE,FALSE,7,TRUE,Mild,,TRUE,Mild,FALSE,TRUE,TRUE,FALSE,FALSE,FALSE,TRUE,FALSE,,,,,FALSE
2020-04-14,Rapid COVID-19 Test,Nasal,Negative,35,FALSE,FALSE,FALSE,FALSE,FALSE,FALSE,FALSE,FALSE,FALSE,FALSE,37.25,71,107,73,14,97,,,FALSE,,,,3,TRUE,Mild,,FALSE,,FALSE,TRUE,FALSE,FALSE,FALSE,FALSE,TRUE,FALSE,,,,,FALSE
2020-04-14,Rapid COVID-19 Test,Nasal,Negative,47,FALSE,,FALSE,FALSE,FALSE,FALSE,FALSE,FALSE,FALSE,FALSE,37.00,63,127,83,16,98,,,FALSE,FALSE,FALSE,FALSE,,FALSE,,,FALSE,,FALSE,FALSE,FALSE,FALSE,FALSE,FALSE,FALSE,FALSE,,,,,FALSE
2020-04-14,Rapid COVID-19 Test,Nasal,Positive,22,TRUE,FALSE,FALSE,FALSE,FALSE,FALSE,FALSE,FALSE,FALSE,FALSE,36.75,92,137,92,16,98,,,FALSE,FALSE,FALSE,FALSE,,FALSE,,,FALSE,,FALSE,FALSE,TRUE,TRUE,TRUE,TRUE,TRUE,FALSE,,,,,FALSE
2020-04-14,Rapid COVID-19 Test,Nasal,Negative,38,FALSE,FALSE,FALSE,FALSE,FALSE,FALSE,FALSE,FALSE,FALSE,FALSE,37.15,104,145,105,17,100,,,FALSE,FALSE,FALSE,FALSE,7,TRUE,Moderate,TRUE,FALSE,,FALSE,TRUE,TRUE,FALSE,FALSE,FALSE,FALSE,TRUE,"The cardiac silhouette is normal.
There is no radiographic evidence of pulmonary edema.
There is no radiographic evidence of pneumonia.
There is no pneumothorax visible.
",No significant abnormality.,Negative,https://braid.health/viewer/study/013bdb5a005513b16848ef98cb9ba28a92bd1c0e7b254b618cd98c853c8b8557?key=BIo8HvL8W_dy__4IdBFd1pxP3xoibTLfRwG4ErLo9Okog3RzXmcB0VJL-7onLz9PlL4OpSzut_hzZZGPnC6LX0,FALSE
2020-04-14,Rapid COVID-19 Test,Nasopharyngeal,Negative,35,FALSE,TRUE,FALSE,FALSE,FALSE,FALSE,FALSE,FALSE,FALSE,FALSE,36.90,69,96,67,16,97,Negative,,FALSE,FALSE,FALSE,FALSE,5,TRUE,Moderate,FALSE,FALSE,,FALSE,FALSE,FALSE,FALSE,FALSE,TRUE,FALSE,FALSE,"The cardiac silhouette is normal.
There is no radiographic evidence of pulmonary edema.
There is no radiographic evidence of pneumonia.
There is no pneumothorax visible.
",No significant abnormality.,Negative,https://braid.health/viewer/study/63d77f2387562530fe5be572bca904e148dfdb22d204155ed8a02cd5d113978a?key=BIo8HvL8W_dy__4IdBFd1pxP3xoibTLfRwG4ErLo9Okog3RzXmcB0VJL-7onLz9PlL4OpSzut_hzZZGPnC6LX0,FALSE
2020-04-14,Rapid COVID-19 Test,Nasal,Negative,64,FALSE,FALSE,FALSE,FALSE,FALSE,FALSE,FALSE,FALSE,FALSE,FALSE,36.50,70,132,81,14,97,Negative,,FALSE,FALSE,FALSE,FALSE,2,FALSE,,FALSE,TRUE,Moderate,FALSE,TRUE,FALSE,FALSE,FALSE,FALSE,FALSE,FALSE,,,,,FALSE
2020-04-14,Rapid COVID-19 Test,Nasal,Negative,36,TRUE,FALSE,FALSE,FALSE,FALSE,FALSE,TRUE,FALSE,FALSE,FALSE,36.80,99,157,104,17,,,,FALSE,FALSE,FALSE,FALSE,7,TRUE,Moderate,FALSE,TRUE,Moderate,FALSE,TRUE,FALSE,FALSE,FALSE,FALSE,FALSE,FALSE,"The cardiac silhouette is normal.
There is no radiographic evidence of pulmonary edema.
There is no radiographic evidence of pneumonia.
There is no pneumothorax visible.
",No significant abnormality.,Negative,https://braid.health/viewer/study/b4064c2ed6b93ec640bcd88acaefbe4d0836a5b22a71930b156f629e9634cf95?key=BIo8HvL8W_dy__4IdBFd1pxP3xoibTLfRwG4ErLo9Okog3RzXmcB0VJL-7onLz9PlL4OpSzut_hzZZGPnC6LX0,FALSE
2020-04-14,Rapid COVID-19 Test,Nasal,Positive,45,TRUE,TRUE,FALSE,FALSE,FALSE,FALSE,FALSE,FALSE,FALSE,FALSE,36.70,64,140,94,16,95,,,FALSE,FALSE,FALSE,FALSE,14,FALSE,,FALSE,FALSE,,FALSE,FALSE,FALSE,FALSE,FALSE,FALSE,FALSE,FALSE,,,,,FALSE
2020-04-14,Rapid COVID-19 Test,Nasal,Negative,28,FALSE,FALSE,FALSE,FALSE,FALSE,FALSE,FALSE,FALSE,FALSE,FALSE,36.80,74,100,67,15,100,,,TRUE,FALSE,,,,TRUE,Moderate,TRUE,TRUE,Moderate,TRUE,TRUE,TRUE,FALSE,FALSE,FALSE,FALSE,FALSE,,,,,FALSE
2020-04-14,Rapid COVID-19 Test,Nasal,Positive,32,FALSE,FALSE,FALSE,FALSE,FALSE,FALSE,FALSE,FALSE,FALSE,FALSE,37.35,100,148,90,16,96,,,FALSE,FALSE,FALSE,FALSE,7,FALSE,,,FALSE,,FALSE,TRUE,TRUE,FALSE,FALSE,FALSE,TRUE,FALSE,,,,,FALSE
2020-04-14,Rapid COVID-19 Test,Nasal,Positive,72,FALSE,FALSE,FALSE,FALSE,TRUE,FALSE,FALSE,FALSE,FALSE,FALSE,,,144,82,,,,,FALSE,FALSE,FALSE,FALSE,28,TRUE,Mild,FALSE,FALSE,,FALSE,FALSE,TRUE,FALSE,FALSE,FALSE,TRUE,TRUE,"The cardiac silhouette is normal.
There is no radiographic evidence of pulmonary edema.
There is no radiographic evidence of pneumonia.
There is no pneumothorax visible. Scoliosis is present.
",No acute abnormality.,Negative,https://braid.health/viewer/study/92a464eb10995d199f55db10a09166d65626b7c8734c8c465a3556273632fbb6?key=BIo8HvL8W_dy__4IdBFd1pxP3xoibTLfRwG4ErLo9Okog3RzXmcB0VJL-7onLz9PlL4OpSzut_hzZZGPnC6LX0,FALSE
2020-04-14,Rapid COVID-19 Test,Nasal,Negative,40,FALSE,TRUE,FALSE,FALSE,FALSE,FALSE,FALSE,FALSE,FALSE,FALSE,36.25,88,121,79,,100,,,FALSE,FALSE,FALSE,FALSE,2,TRUE,Moderate,FALSE,FALSE,,FALSE,FALSE,TRUE,FALSE,FALSE,FALSE,FALSE,TRUE,,,,,FALSE
2020-04-14,Rapid COVID-19 Test,Nasal,Negative,21,FALSE,,FALSE,FALSE,FALSE,FALSE,TRUE,FALSE,FALSE,FALSE,36.60,102,109,74,12,94,,,TRUE,FALSE,FALSE,TRUE,150,TRUE,Moderate,,TRUE,,FALSE,FALSE,TRUE,FALSE,FALSE,FALSE,FALSE,FALSE,"The cardiac silhouette is normal.
There is no radiographic evidence of pulmonary edema.
There is a focus of left lower lobe infiltrate as well as minimal blunting of the costophrenic margins.
There is no pneumothorax visible.
",Left basilar infiltrate,Negative,https://braid.health/viewer/study/51273943ca5677ee0a870115ee82eeb3ea8ab24fec5ee89cd08e33d5e9673155?key=BIo8HvL8W_dy__4IdBFd1pxP3xoibTLfRwG4ErLo9Okog3RzXmcB0VJL-7onLz9PlL4OpSzut_hzZZGPnC6LX0,FALSE
2020-04-14,Rapid COVID-19 Test,Nasal,Negative,33,FALSE,FALSE,FALSE,FALSE,FALSE,FALSE,FALSE,FALSE,FALSE,FALSE,36.70,83,124,81,12,98,,,FALSE,FALSE,,,14,FALSE,,TRUE,FALSE,,FALSE,FALSE,FALSE,FALSE,FALSE,FALSE,FALSE,FALSE,,,,,FALSE
2020-04-14,Rapid COVID-19 Test,Nasal,Negative,31,FALSE,TRUE,FALSE,FALSE,FALSE,FALSE,FALSE,FALSE,FALSE,FALSE,36.85,79,108,74,16,97,,,FALSE,FALSE,FALSE,FALSE,10,TRUE,Moderate,FALSE,TRUE,Mild,FALSE,FALSE,FALSE,FALSE,FALSE,FALSE,FALSE,FALSE,,,,,FALSE
2020-04-14,Rapid COVID-19 Test,Nasal,Negative,40,FALSE,FALSE,FALSE,FALSE,FALSE,FALSE,FALSE,FALSE,FALSE,FALSE,36.50,80,110,71,16,98,,,FALSE,FALSE,FALSE,FALSE,14,TRUE,Moderate,FALSE,FALSE,,TRUE,TRUE,TRUE,FALSE,TRUE,FALSE,TRUE,FALSE,,,,,FALSE
2020-04-14,Rapid COVID-19 Test,Nasal,Positive,20,FALSE,FALSE,FALSE,FALSE,FALSE,FALSE,FALSE,FALSE,FALSE,FALSE,37.00,77,126,87,16,100,,,FALSE,FALSE,FALSE,FALSE,4,TRUE,Mild,,FALSE,,FALSE,FALSE,TRUE,FALSE,FALSE,FALSE,FALSE,FALSE,,,,,FALSE
2020-04-14,Rapid COVID-19 Test,Nasal,Negative,36,FALSE,FALSE,FALSE,FALSE,TRUE,FALSE,FALSE,FALSE,FALSE,FALSE,,96,154,93,,,,,FALSE,FALSE,FALSE,FALSE,7,FALSE,,TRUE,FALSE,,TRUE,TRUE,TRUE,FALSE,FALSE,FALSE,FALSE,TRUE,,,,,FALSE
2020-04-14,SARS CoV w/CoV 2 RNA,Nasopharyngeal,Negative,17,FALSE,TRUE,FALSE,FALSE,FALSE,FALSE,FALSE,FALSE,FALSE,FALSE,36.75,100,127,75,16,97,Negative,,FALSE,FALSE,TRUE,TRUE,2,TRUE,Mild,,FALSE,,TRUE,TRUE,TRUE,TRUE,FALSE,TRUE,FALSE,FALSE,,,,,FALSE
2020-04-14,Rapid COVID-19 Test,Nasal,Negative,37,FALSE,FALSE,FALSE,FALSE,FALSE,FALSE,FALSE,FALSE,FALSE,FALSE,,,165,92,,,,,FALSE,FALSE,FALSE,FALSE,5,TRUE,,FALSE,TRUE,,TRUE,TRUE,TRUE,FALSE,FALSE,TRUE,FALSE,TRUE,"The cardiac silhouette is normal.
There is no radiographic evidence of pulmonary edema.
There is no radiographic evidence of pneumonia.
There is no pneumothorax visible.
",No significant abnormality.,Negative,https://braid.health/viewer/study/060082f7941b70e77975afc58d7c2c16f97ce99ec65e99398a53a88d06739d98?key=BIo8HvL8W_dy__4IdBFd1pxP3xoibTLfRwG4ErLo9Okog3RzXmcB0VJL-7onLz9PlL4OpSzut_hzZZGPnC6LX0,FALSE
2020-04-14,Rapid COVID-19 Test,Nasal,Negative,24,FALSE,TRUE,FALSE,FALSE,FALSE,FALSE,FALSE,FALSE,FALSE,FALSE,36.95,78,109,64,,96,,,FALSE,FALSE,FALSE,FALSE,10,FALSE,,FALSE,TRUE,Moderate,FALSE,TRUE,TRUE,TRUE,TRUE,TRUE,FALSE,FALSE,,,,,FALSE
2020-04-14,Rapid COVID-19 Test,Nasal,Negative,33,FALSE,FALSE,FALSE,FALSE,FALSE,FALSE,FALSE,FALSE,FALSE,FALSE,36.80,95,136,86,17,98,,,FALSE,FALSE,FALSE,FALSE,5,FALSE,,,TRUE,Severe,FALSE,TRUE,TRUE,FALSE,FALSE,TRUE,FALSE,TRUE,,,,,FALSE
2020-04-14,Rapid COVID-19 Test,Nasal,Negative,24,TRUE,FALSE,FALSE,FALSE,FALSE,FALSE,FALSE,FALSE,FALSE,FALSE,36.70,68,116,80,,98,,,,FALSE,,,,FALSE,,FALSE,FALSE,,TRUE,TRUE,FALSE,FALSE,FALSE,FALSE,FALSE,TRUE,,,,,FALSE
2020-04-14,Rapid COVID-19 Test,Nasal,Negative,24,TRUE,FALSE,FALSE,FALSE,FALSE,FALSE,FALSE,FALSE,FALSE,FALSE,36.85,119,144,97,17,96,,,FALSE,FALSE,FALSE,FALSE,4,TRUE,Moderate,,TRUE,Moderate,TRUE,FALSE,FALSE,FALSE,FALSE,TRUE,TRUE,FALSE,,,,,FALSE
2020-04-14,Rapid COVID-19 Test,Nasal,Negative,32,FALSE,FALSE,TRUE,FALSE,FALSE,FALSE,TRUE,FALSE,FALSE,FALSE,,,128,80,,,,,FALSE,FALSE,FALSE,FALSE,,FALSE,,FALSE,FALSE,,FALSE,FALSE,FALSE,FALSE,FALSE,FALSE,FALSE,FALSE,,,,,FALSE
2020-04-14,Rapid COVID-19 Test,Nasal,Negative,24,FALSE,,FALSE,FALSE,FALSE,FALSE,FALSE,FALSE,FALSE,FALSE,37.70,85,122,78,12,97,,,FALSE,FALSE,FALSE,FALSE,4,TRUE,,,FALSE,,FALSE,FALSE,FALSE,FALSE,FALSE,FALSE,FALSE,FALSE,"The cardiac silhouette is normal.
There is no radiographic evidence of pulmonary edema.
There is no radiographic evidence of pneumonia.
There is no pneumothorax visible.
",No significant abnormality.,Negative,https://braid.health/viewer/study/807dbfe403e08fa6e4d5104560c3985e0cd768106db2fe155badb75cd20425d2?key=BIo8HvL8W_dy__4IdBFd1pxP3xoibTLfRwG4ErLo9Okog3RzXmcB0VJL-7onLz9PlL4OpSzut_hzZZGPnC6LX0,FALSE
2020-04-14,Rapid COVID-19 Test,Nasal,Negative,48,FALSE,FALSE,FALSE,FALSE,TRUE,FALSE,FALSE,FALSE,FALSE,FALSE,36.40,86,142,90,13,,,,FALSE,,,,3,FALSE,,TRUE,FALSE,,TRUE,FALSE,TRUE,FALSE,FALSE,TRUE,FALSE,FALSE,,,,,FALSE
2020-04-14,Rapid COVID-19 Test,Nasopharyngeal,Positive,25,TRUE,TRUE,FALSE,FALSE,FALSE,FALSE,TRUE,FALSE,FALSE,FALSE,37.20,83,150,102,12,96,,,FALSE,FALSE,FALSE,FALSE,,FALSE,,FALSE,TRUE,Mild,FALSE,FALSE,FALSE,TRUE,TRUE,FALSE,FALSE,FALSE,,,,,FALSE
2020-04-14,Rapid COVID-19 Test,Nasal,Negative,60,FALSE,FALSE,FALSE,FALSE,FALSE,FALSE,FALSE,FALSE,FALSE,FALSE,36.95,109,159,98,16,97,,,FALSE,FALSE,FALSE,FALSE,,FALSE,,,FALSE,,FALSE,FALSE,FALSE,FALSE,FALSE,FALSE,FALSE,FALSE,,,,,FALSE
2020-04-14,Rapid COVID-19 Test,Nasal,Negative,40,FALSE,FALSE,FALSE,FALSE,FALSE,FALSE,FALSE,FALSE,FALSE,FALSE,37.60,88,121,82,16,95,,,FALSE,FALSE,FALSE,FALSE,,TRUE,Moderate,FALSE,FALSE,,FALSE,FALSE,FALSE,FALSE,FALSE,FALSE,FALSE,FALSE,,,,,FALSE
2020-04-14,Rapid COVID-19 Test,Nasal,Negative,64,FALSE,FALSE,FALSE,FALSE,FALSE,FALSE,FALSE,FALSE,FALSE,FALSE,37.15,,,,,,Negative,Negative,,FALSE,,,3,FALSE,,,FALSE,,FALSE,TRUE,TRUE,FALSE,FALSE,FALSE,TRUE,TRUE,,,,,FALSE
2020-04-14,Rapid COVID-19 Test,Nasal,Negative,32,FALSE,FALSE,FALSE,FALSE,TRUE,FALSE,FALSE,FALSE,FALSE,FALSE,36.95,100,121,83,16,96,,,,FALSE,,,28,TRUE,Moderate,TRUE,FALSE,,TRUE,TRUE,TRUE,FALSE,FALSE,TRUE,TRUE,TRUE,,,,,FALSE
2020-04-14,Rapid COVID-19 Test,Nasal,Negative,67,FALSE,TRUE,FALSE,FALSE,FALSE,FALSE,FALSE,TRUE,FALSE,FALSE,37.30,96,118,78,14,97,,,FALSE,FALSE,FALSE,FALSE,30,TRUE,Moderate,TRUE,TRUE,Moderate,TRUE,TRUE,TRUE,FALSE,TRUE,TRUE,FALSE,FALSE,,,,,FALSE
2020-04-14,Rapid COVID-19 Test,Nasal,Negative,30,FALSE,FALSE,FALSE,FALSE,FALSE,FALSE,FALSE,FALSE,FALSE,FALSE,36.85,81,126,78,17,97,Negative,,FALSE,FALSE,FALSE,FALSE,4,FALSE,,,FALSE,,TRUE,TRUE,FALSE,FALSE,FALSE,FALSE,TRUE,FALSE,,,,,FALSE
2020-04-14,Rapid COVID-19 Test,Nasal,Negative,27,FALSE,FALSE,FALSE,FALSE,FALSE,FALSE,FALSE,FALSE,FALSE,FALSE,36.85,80,113,76,12,98,,,FALSE,FALSE,FALSE,FALSE,3,FALSE,,,TRUE,Severe,TRUE,TRUE,TRUE,FALSE,FALSE,FALSE,TRUE,TRUE,"The cardiac silhouette is normal.
There is no radiographic evidence of pulmonary edema.
There is no radiographic evidence of pneumonia.
There is no pneumothorax visible.
",No significant abnormality.,Negative,https://braid.health/viewer/study/a9a86e283fba7a4200f00cc6b61ed350a6328d7a1b9b342322cf40175fd7fb24?key=BIo8HvL8W_dy__4IdBFd1pxP3xoibTLfRwG4ErLo9Okog3RzXmcB0VJL-7onLz9PlL4OpSzut_hzZZGPnC6LX0,FALSE
2020-04-14,Rapid COVID-19 Test,Nasopharyngeal,Negative,16,FALSE,FALSE,FALSE,FALSE,FALSE,FALSE,FALSE,FALSE,FALSE,FALSE,37.00,80,104,69,12,99,,,FALSE,,,,,FALSE,,,FALSE,,FALSE,FALSE,FALSE,FALSE,FALSE,FALSE,FALSE,FALSE,,,,,FALSE
2020-04-14,Rapid COVID-19 Test,Nasopharyngeal,Negative,69,FALSE,FALSE,TRUE,FALSE,TRUE,FALSE,TRUE,FALSE,FALSE,FALSE,,97,,,16,96,Negative,Negative,FALSE,FALSE,FALSE,FALSE,7,TRUE,Moderate,,FALSE,,TRUE,TRUE,TRUE,FALSE,FALSE,FALSE,TRUE,TRUE,,,,,FALSE
2020-04-14,Rapid COVID-19 Test,Nasal,Negative,6,TRUE,FALSE,FALSE,FALSE,FALSE,FALSE,FALSE,FALSE,FALSE,FALSE,,,,,,,,,FALSE,FALSE,,,2,FALSE,,TRUE,FALSE,,FALSE,FALSE,FALSE,FALSE,FALSE,FALSE,FALSE,FALSE,,,,,FALSE
2020-04-14,Rapid COVID-19 Test,Nasal,Negative,70,FALSE,FALSE,FALSE,FALSE,TRUE,FALSE,FALSE,FALSE,FALSE,FALSE,,,180,88,,,,,FALSE,FALSE,FALSE,FALSE,,FALSE,,FALSE,FALSE,,FALSE,FALSE,FALSE,FALSE,FALSE,FALSE,FALSE,TRUE,,,,,FALSE
2020-04-14,Rapid COVID-19 Test,Nasal,Negative,47,TRUE,TRUE,FALSE,FALSE,FALSE,TRUE,FALSE,FALSE,FALSE,FALSE,37.35,85,121,83,12,98,,,FALSE,FALSE,FALSE,FALSE,7,TRUE,Moderate,TRUE,FALSE,,FALSE,FALSE,TRUE,FALSE,FALSE,FALSE,TRUE,TRUE,,,,,FALSE
2020-04-14,Rapid COVID-19 Test,Nasal,Negative,76,FALSE,FALSE,FALSE,FALSE,FALSE,FALSE,FALSE,FALSE,FALSE,FALSE,36.95,82,165,83,16,98,,,FALSE,FALSE,FALSE,FALSE,,FALSE,,,FALSE,,FALSE,FALSE,FALSE,FALSE,FALSE,FALSE,FALSE,FALSE,"The cardiac silhouette is normal.
There is no radiographic evidence of pulmonary edema.
There is no radiographic evidence of pneumonia. The right hemidiaphagm is slightly elevated.
There is no pneumothorax visible.
",Mildly elevated right hemidiaphragm,Negative,https://braid.health/viewer/study/98289b78654c86fbf6873fd28fef32bbb52d207878ac427fc872dfb6e83662f3?key=BIo8HvL8W_dy__4IdBFd1pxP3xoibTLfRwG4ErLo9Okog3RzXmcB0VJL-7onLz9PlL4OpSzut_hzZZGPnC6LX0,FALSE
2020-04-14,Rapid COVID-19 Test,Nasal,Negative,73,FALSE,,FALSE,FALSE,TRUE,FALSE,FALSE,FALSE,FALSE,FALSE,35.85,73,152,85,12,97,,,FALSE,FALSE,FALSE,FALSE,5,TRUE,,,TRUE,,FALSE,TRUE,FALSE,FALSE,FALSE,FALSE,FALSE,TRUE,"The cardiac silhouette is normal.
There is no radiographic evidence of pulmonary edema.
There is no radiographic evidence of pneumonia.
There is no pneumothorax visible.
",No significant abnormality.,Negative,https://braid.health/viewer/study/886b943b53dade7bd1b5f6bbdd4d55c1935a060d9f69b7eaa80b405297d50301?key=BIo8HvL8W_dy__4IdBFd1pxP3xoibTLfRwG4ErLo9Okog3RzXmcB0VJL-7onLz9PlL4OpSzut_hzZZGPnC6LX0,FALSE
2020-04-14,Rapid COVID-19 Test,Nasal,Positive,28,TRUE,FALSE,FALSE,FALSE,FALSE,FALSE,FALSE,FALSE,FALSE,FALSE,36.75,76,115,70,,98,,,FALSE,FALSE,FALSE,FALSE,3,FALSE,,TRUE,FALSE,,FALSE,TRUE,TRUE,TRUE,TRUE,FALSE,TRUE,FALSE,,,,,FALSE
2020-04-14,Rapid COVID-19 Test,Nasopharyngeal,Negative,54,TRUE,TRUE,FALSE,FALSE,FALSE,FALSE,FALSE,FALSE,FALSE,FALSE,37.45,67,131,84,16,99,,,FALSE,FALSE,FALSE,FALSE,7,TRUE,Mild,FALSE,FALSE,,FALSE,FALSE,TRUE,FALSE,FALSE,TRUE,TRUE,TRUE,,,,,FALSE
2020-04-14,SARS CoV w/CoV 2 RNA,Nasopharyngeal,Negative,36,TRUE,FALSE,FALSE,TRUE,FALSE,FALSE,FALSE,FALSE,FALSE,FALSE,,,,,,,,,,,,,4,TRUE,Mild,TRUE,TRUE,,TRUE,TRUE,TRUE,FALSE,FALSE,TRUE,FALSE,FALSE,,,,,FALSE
2020-04-14,Rapid COVID-19 Test,Nasal,Positive,26,TRUE,FALSE,FALSE,FALSE,FALSE,FALSE,FALSE,FALSE,FALSE,FALSE,38.10,110,107,73,17,98,,,FALSE,FALSE,FALSE,FALSE,2,FALSE,,,FALSE,,FALSE,TRUE,TRUE,FALSE,FALSE,FALSE,TRUE,TRUE,,,,,FALSE
2020-04-14,Rapid COVID-19 Test,Nasal,Negative,49,TRUE,FALSE,TRUE,FALSE,TRUE,FALSE,FALSE,FALSE,FALSE,FALSE,37.00,93,138,80,,96,,,FALSE,FALSE,FALSE,FALSE,3,TRUE,Moderate,FALSE,FALSE,,FALSE,FALSE,FALSE,FALSE,FALSE,FALSE,FALSE,FALSE,,,,,FALSE
2020-04-14,Rapid COVID-19 Test,Nasal,Negative,73,FALSE,TRUE,FALSE,FALSE,TRUE,FALSE,FALSE,FALSE,FALSE,FALSE,36.80,65,180,80,16,98,,,,FALSE,,,14,FALSE,,FALSE,FALSE,,FALSE,FALSE,FALSE,FALSE,FALSE,FALSE,FALSE,FALSE,,,,,FALSE
2020-04-14,Rapid COVID-19 Test,Nasal,Negative,36,FALSE,FALSE,FALSE,FALSE,FALSE,FALSE,FALSE,FALSE,FALSE,FALSE,36.85,97,165,101,17,98,Negative,,FALSE,FALSE,FALSE,FALSE,4,TRUE,Mild,TRUE,TRUE,Mild,FALSE,TRUE,FALSE,FALSE,FALSE,FALSE,FALSE,FALSE,"The cardiac silhouette is normal.
There is no radiographic evidence of pulmonary edema.
There is no radiographic evidence of pneumonia.
There is no pneumothorax visible.
",No significant abnormality.,Negative,https://braid.health/viewer/study/dddbe903584ad585ae9018859cce0a76631ee7d8906136420216e5c5f9dee765?key=BIo8HvL8W_dy__4IdBFd1pxP3xoibTLfRwG4ErLo9Okog3RzXmcB0VJL-7onLz9PlL4OpSzut_hzZZGPnC6LX0,FALSE
2020-04-14,Rapid COVID-19 Test,Nasal,Negative,30,FALSE,TRUE,FALSE,FALSE,FALSE,FALSE,FALSE,FALSE,FALSE,FALSE,36.50,91,97,64,16,98,,,FALSE,FALSE,,,4,TRUE,Mild,FALSE,TRUE,Mild,TRUE,TRUE,FALSE,FALSE,FALSE,FALSE,TRUE,TRUE,,,,,FALSE
2020-04-14,Rapid COVID-19 Test,Nasal,Negative,57,TRUE,FALSE,FALSE,FALSE,TRUE,FALSE,FALSE,FALSE,FALSE,FALSE,37.00,91,180,100,16,96,,,FALSE,FALSE,FALSE,FALSE,,FALSE,,FALSE,FALSE,,FALSE,FALSE,FALSE,FALSE,FALSE,FALSE,FALSE,FALSE,,,,,FALSE
2020-04-14,Rapid COVID-19 Test,Nasal,Negative,57,FALSE,TRUE,FALSE,FALSE,FALSE,FALSE,FALSE,FALSE,FALSE,FALSE,36.95,90,152,85,16,99,,,FALSE,FALSE,FALSE,FALSE,,FALSE,,FALSE,FALSE,,FALSE,FALSE,FALSE,FALSE,FALSE,FALSE,FALSE,FALSE,,,,,FALSE
2020-04-14,Rapid COVID-19 Test,Nasal,Positive,55,FALSE,FALSE,TRUE,FALSE,TRUE,FALSE,FALSE,FALSE,FALSE,FALSE,36.35,99,121,88,16,95,,,FALSE,FALSE,FALSE,FALSE,,TRUE,Mild,FALSE,FALSE,,FALSE,FALSE,FALSE,FALSE,FALSE,FALSE,FALSE,FALSE,,,,,FALSE
2020-04-14,Rapid COVID-19 Test,Nasal,Negative,22,TRUE,TRUE,FALSE,FALSE,FALSE,FALSE,FALSE,FALSE,FALSE,FALSE,36.90,84,128,82,16,98,,,FALSE,FALSE,FALSE,FALSE,2,FALSE,,TRUE,TRUE,Moderate,TRUE,TRUE,TRUE,FALSE,FALSE,FALSE,TRUE,TRUE,,,,,FALSE
2020-04-14,Rapid COVID-19 Test,Nasal,Negative,54,TRUE,TRUE,TRUE,FALSE,FALSE,FALSE,TRUE,FALSE,FALSE,FALSE,37.10,102,127,80,16,100,,,FALSE,FALSE,FALSE,FALSE,,FALSE,,FALSE,FALSE,,FALSE,FALSE,FALSE,FALSE,FALSE,FALSE,FALSE,FALSE,,,,,FALSE
2020-04-14,Rapid COVID-19 Test,Nasal,Negative,77,TRUE,FALSE,FALSE,TRUE,TRUE,TRUE,FALSE,FALSE,FALSE,FALSE,36.90,72,190,76,,98,,,,FALSE,,,,FALSE,,,FALSE,,TRUE,TRUE,FALSE,FALSE,FALSE,FALSE,TRUE,TRUE,,,,,FALSE
2020-04-14,Rapid COVID-19 Test,Nasal,Negative,20,TRUE,FALSE,FALSE,FALSE,FALSE,FALSE,FALSE,FALSE,FALSE,FALSE,37.00,54,134,57,15,,,,FALSE,FALSE,FALSE,FALSE,7,FALSE,,TRUE,TRUE,Moderate,FALSE,TRUE,TRUE,FALSE,FALSE,TRUE,TRUE,FALSE,"The cardiac silhouette is normal.
There is no radiographic evidence of pulmonary edema.
There is no radiographic evidence of pneumonia.
There is no pneumothorax visible. A midline stent device is present as well as median sternotomy wires.
",No acute abnormality.,Negative,https://braid.health/viewer/study/987acd8fc5e44831a9fbf3039bd9030be95aa7c683b21db37cea7342362314d9?key=BIo8HvL8W_dy__4IdBFd1pxP3xoibTLfRwG4ErLo9Okog3RzXmcB0VJL-7onLz9PlL4OpSzut_hzZZGPnC6LX0,FALSE
2020-04-14,Rapid COVID-19 Test,Nasal,Negative,25,FALSE,FALSE,FALSE,FALSE,FALSE,FALSE,FALSE,FALSE,FALSE,FALSE,37.10,95,112,77,17,98,,,FALSE,FALSE,FALSE,FALSE,7,TRUE,Mild,FALSE,TRUE,Moderate,TRUE,FALSE,FALSE,FALSE,FALSE,FALSE,FALSE,FALSE,"The cardiac silhouette is normal.
There is no radiographic evidence of pulmonary edema.
There is no radiographic evidence of pneumonia.
There is no pneumothorax visible.
",No significant abnormality.,Negative,https://braid.health/viewer/study/4b819cef513ab7f43c710b1df8dbdf164c06ab316d4109c73f2bb9be2a9f93fb?key=BIo8HvL8W_dy__4IdBFd1pxP3xoibTLfRwG4ErLo9Okog3RzXmcB0VJL-7onLz9PlL4OpSzut_hzZZGPnC6LX0,FALSE
2020-04-14,SARS CoV w/CoV 2 RNA,Nasopharyngeal,Negative,57,FALSE,FALSE,FALSE,FALSE,FALSE,FALSE,FALSE,FALSE,FALSE,FALSE,36.30,97,101,67,16,99,,,FALSE,,,FALSE,3,FALSE,,,TRUE,Mild,FALSE,TRUE,TRUE,TRUE,TRUE,TRUE,TRUE,TRUE,,,,,FALSE
2020-04-14,Rapid COVID-19 Test,Nasal,Negative,19,FALSE,FALSE,FALSE,FALSE,FALSE,FALSE,FALSE,FALSE,FALSE,FALSE,37.00,69,124,73,14,97,,,FALSE,FALSE,FALSE,FALSE,,FALSE,,,FALSE,,FALSE,FALSE,TRUE,FALSE,FALSE,FALSE,FALSE,TRUE,,,,,FALSE
2020-04-14,Rapid COVID-19 Test,Nasal,Negative,42,TRUE,FALSE,FALSE,FALSE,FALSE,FALSE,FALSE,FALSE,FALSE,FALSE,36.85,63,107,71,17,96,,,FALSE,FALSE,FALSE,FALSE,3,TRUE,Moderate,FALSE,FALSE,,FALSE,FALSE,TRUE,FALSE,FALSE,FALSE,TRUE,TRUE,,,,,FALSE
2020-04-14,Rapid COVID-19 Test,Nasal,Negative,33,FALSE,FALSE,FALSE,FALSE,FALSE,FALSE,TRUE,FALSE,FALSE,FALSE,36.85,112,122,86,,,,,FALSE,FALSE,FALSE,FALSE,10,TRUE,Severe,FALSE,FALSE,,TRUE,FALSE,FALSE,FALSE,FALSE,FALSE,FALSE,FALSE,"The cardiac silhouette is normal.
There is no radiographic evidence of pulmonary edema.
There is no radiographic evidence of pneumonia.
There is no pneumothorax visible.
",No significant abnormality.,Negative,https://braid.health/viewer/study/44676f7b51fd60a37613a2e5a68344325d1cdc5f3877ed6a1f8a2072e89cb9cc?key=BIo8HvL8W_dy__4IdBFd1pxP3xoibTLfRwG4ErLo9Okog3RzXmcB0VJL-7onLz9PlL4OpSzut_hzZZGPnC6LX0,FALSE
2020-04-14,Rapid COVID-19 Test,Nasal,Negative,32,FALSE,FALSE,FALSE,FALSE,FALSE,FALSE,FALSE,FALSE,FALSE,FALSE,36.90,101,119,75,16,100,,,FALSE,FALSE,FALSE,FALSE,,FALSE,,FALSE,FALSE,,FALSE,TRUE,FALSE,FALSE,FALSE,FALSE,FALSE,FALSE,,,,,FALSE
2020-04-14,Rapid COVID-19 Test,Nasal,Negative,36,TRUE,TRUE,FALSE,FALSE,FALSE,FALSE,FALSE,FALSE,FALSE,FALSE,36.75,89,149,81,,100,,,FALSE,FALSE,FALSE,FALSE,,TRUE,Moderate,FALSE,FALSE,,FALSE,FALSE,TRUE,TRUE,TRUE,FALSE,FALSE,TRUE,,,,,FALSE
2020-04-14,Rapid COVID-19 Test,Nasal,Negative,31,FALSE,FALSE,FALSE,FALSE,FALSE,FALSE,FALSE,FALSE,FALSE,FALSE,36.50,68,135,76,16,98,,,FALSE,FALSE,FALSE,FALSE,21,TRUE,Mild,FALSE,TRUE,Moderate,FALSE,FALSE,FALSE,FALSE,FALSE,FALSE,TRUE,FALSE,,,,,FALSE
2020-04-14,Rapid COVID-19 Test,Nasopharyngeal,Negative,51,FALSE,FALSE,FALSE,FALSE,FALSE,FALSE,FALSE,FALSE,FALSE,FALSE,37.35,95,125,82,,100,,,FALSE,FALSE,FALSE,FALSE,,FALSE,,FALSE,FALSE,,FALSE,FALSE,TRUE,FALSE,FALSE,FALSE,FALSE,FALSE,,,,,FALSE
2020-04-14,Rapid COVID-19 Test,Nasal,Negative,26,FALSE,FALSE,FALSE,FALSE,FALSE,FALSE,FALSE,FALSE,FALSE,FALSE,37.10,80,118,69,12,100,,,FALSE,FALSE,FALSE,FALSE,14,TRUE,Moderate,,FALSE,,FALSE,FALSE,FALSE,FALSE,FALSE,FALSE,FALSE,FALSE,,,,,FALSE
2020-04-14,Rapid COVID-19 Test,Nasal,Negative,21,TRUE,TRUE,FALSE,FALSE,FALSE,FALSE,FALSE,FALSE,FALSE,FALSE,37.10,63,114,79,16,99,,,FALSE,FALSE,FALSE,FALSE,,TRUE,Mild,,FALSE,,TRUE,FALSE,TRUE,FALSE,FALSE,FALSE,FALSE,FALSE,,,,,FALSE
2020-04-14,Rapid COVID-19 Test,Nasal,Negative,31,FALSE,TRUE,FALSE,FALSE,FALSE,FALSE,FALSE,FALSE,FALSE,FALSE,36.90,103,103,68,,100,,,FALSE,FALSE,FALSE,FALSE,,FALSE,,FALSE,FALSE,,FALSE,FALSE,FALSE,FALSE,FALSE,FALSE,FALSE,FALSE,,,,,FALSE
2020-04-14,Rapid COVID-19 Test,Nasal,Negative,34,TRUE,TRUE,FALSE,FALSE,FALSE,FALSE,FALSE,FALSE,FALSE,FALSE,36.85,72,151,85,,96,,,FALSE,FALSE,,,,FALSE,,,FALSE,,FALSE,FALSE,FALSE,FALSE,FALSE,FALSE,FALSE,FALSE,,,,,FALSE
2020-04-14,Rapid COVID-19 Test,Nasal,Negative,22,FALSE,,FALSE,FALSE,FALSE,FALSE,FALSE,FALSE,FALSE,FALSE,36.95,96,143,97,,96,,,FALSE,FALSE,,,,FALSE,,,FALSE,,FALSE,FALSE,FALSE,FALSE,FALSE,FALSE,FALSE,FALSE,,,,,FALSE
2020-04-14,Rapid COVID-19 Test,Nasal,Negative,54,FALSE,TRUE,FALSE,FALSE,FALSE,FALSE,FALSE,FALSE,FALSE,FALSE,36.50,65,113,78,12,98,,,FALSE,FALSE,FALSE,FALSE,14,TRUE,Moderate,FALSE,FALSE,,FALSE,TRUE,TRUE,FALSE,FALSE,FALSE,FALSE,FALSE,,,,,FALSE
2020-04-14,Rapid COVID-19 Test,Nasal,Negative,76,FALSE,,FALSE,FALSE,TRUE,FALSE,FALSE,FALSE,FALSE,FALSE,36.40,67,149,89,12,99,,,FALSE,FALSE,FALSE,FALSE,,FALSE,,,TRUE,,FALSE,FALSE,FALSE,FALSE,FALSE,FALSE,FALSE,FALSE,"The cardiac silhouette is normal.
There is no radiographic evidence of pulmonary edema.
There is minimal right basilar infiltrate.
There is no pneumothorax visible.
",Minimal right basilar infiltrate.,Negative,https://braid.health/viewer/study/6809378c113a33064e70c798b8ba8cb2c16a2bb4ac0453b1c0d3784d02ef2ad9?key=BIo8HvL8W_dy__4IdBFd1pxP3xoibTLfRwG4ErLo9Okog3RzXmcB0VJL-7onLz9PlL4OpSzut_hzZZGPnC6LX0,FALSE
2020-04-14,Rapid COVID-19 Test,Nasal,Negative,45,FALSE,FALSE,FALSE,FALSE,TRUE,FALSE,FALSE,FALSE,FALSE,FALSE,36.90,108,156,89,14,,,,FALSE,FALSE,TRUE,TRUE,3,TRUE,Mild,FALSE,FALSE,,TRUE,FALSE,FALSE,FALSE,FALSE,FALSE,TRUE,FALSE,,,,,FALSE
2020-04-14,Rapid COVID-19 Test,Nasal,Negative,36,TRUE,TRUE,FALSE,FALSE,FALSE,FALSE,FALSE,FALSE,FALSE,FALSE,37.30,74,126,67,16,99,,,FALSE,FALSE,FALSE,FALSE,14,TRUE,Moderate,FALSE,TRUE,Moderate,FALSE,TRUE,TRUE,FALSE,FALSE,FALSE,FALSE,FALSE,,,,,FALSE
2020-04-14,Rapid COVID-19 Test,Nasal,Negative,50,FALSE,,FALSE,FALSE,FALSE,FALSE,FALSE,FALSE,FALSE,FALSE,36.50,83,144,91,16,100,,,FALSE,FALSE,FALSE,FALSE,10,TRUE,,,TRUE,,FALSE,FALSE,FALSE,FALSE,FALSE,FALSE,FALSE,FALSE,"The cardiac silhouette is normal.
There is no radiographic evidence of pulmonary edema.
There is no radiographic evidence of pneumonia.
There is no pneumothorax visible.
",No significant abnormality.,Negative,https://braid.health/viewer/study/243ebad43e2786b6945c572772180fbc80a63223767bebcf50b51780747b84e9?key=BIo8HvL8W_dy__4IdBFd1pxP3xoibTLfRwG4ErLo9Okog3RzXmcB0VJL-7onLz9PlL4OpSzut_hzZZGPnC6LX0,FALSE
2020-04-14,Rapid COVID-19 Test,Nasopharyngeal,Negative,57,FALSE,TRUE,FALSE,FALSE,TRUE,FALSE,FALSE,FALSE,FALSE,FALSE,37.00,69,108,65,13,95,,,FALSE,FALSE,FALSE,FALSE,30,TRUE,Mild,FALSE,TRUE,Moderate,FALSE,TRUE,FALSE,TRUE,FALSE,TRUE,FALSE,FALSE,,,,,FALSE
2020-04-14,Rapid COVID-19 Test,Nasal,Negative,72,TRUE,TRUE,FALSE,FALSE,FALSE,FALSE,FALSE,FALSE,FALSE,FALSE,37.65,86,156,81,17,99,,,FALSE,FALSE,FALSE,FALSE,,FALSE,,,FALSE,,FALSE,FALSE,FALSE,FALSE,FALSE,FALSE,FALSE,FALSE,,,,,FALSE
2020-04-14,Rapid COVID-19 Test,Nasopharyngeal,Negative,59,FALSE,FALSE,FALSE,TRUE,FALSE,FALSE,FALSE,FALSE,FALSE,FALSE,36.90,80,133,80,12,97,,,FALSE,,,,,FALSE,,,FALSE,,FALSE,FALSE,FALSE,FALSE,FALSE,TRUE,FALSE,FALSE,,,,,FALSE
2020-04-14,SARS CoV w/CoV 2 RNA,Nasopharyngeal,Negative,24,TRUE,TRUE,FALSE,FALSE,FALSE,FALSE,FALSE,FALSE,FALSE,FALSE,36.40,98,113,65,16,98,,,FALSE,,,FALSE,,TRUE,Mild,,FALSE,,FALSE,FALSE,FALSE,FALSE,FALSE,FALSE,FALSE,FALSE,,,,,FALSE
2020-04-14,Rapid COVID-19 Test,Nasal,Negative,26,FALSE,FALSE,FALSE,FALSE,FALSE,FALSE,TRUE,FALSE,FALSE,FALSE,36.75,78,142,77,12,97,,,FALSE,,,,3,TRUE,Mild,,FALSE,,FALSE,FALSE,FALSE,FALSE,FALSE,FALSE,FALSE,FALSE,"The cardiac silhouette is normal.
There is no radiographic evidence of pulmonary edema.
There is no radiographic evidence of pneumonia.
There is no pneumothorax visible.
",No significant abnormality.,Negative,https://braid.health/viewer/study/0373861daea81fb7295d203476d638b7b6f17c5b3db2b3f46636d4484636dd65?key=BIo8HvL8W_dy__4IdBFd1pxP3xoibTLfRwG4ErLo9Okog3RzXmcB0VJL-7onLz9PlL4OpSzut_hzZZGPnC6LX0,FALSE
2020-04-14,Rapid COVID-19 Test,Oropharyngeal,Negative,28,FALSE,FALSE,FALSE,FALSE,FALSE,FALSE,FALSE,FALSE,FALSE,FALSE,36.80,77,119,81,16,97,,Negative,FALSE,FALSE,FALSE,FALSE,10,FALSE,,,FALSE,,FALSE,TRUE,TRUE,FALSE,FALSE,FALSE,TRUE,TRUE,,,,,FALSE
2020-04-14,Rapid COVID-19 Test,Nasal,Negative,71,FALSE,TRUE,FALSE,FALSE,TRUE,TRUE,FALSE,FALSE,FALSE,FALSE,36.90,62,165,94,17,95,Negative,,FALSE,FALSE,FALSE,FALSE,1,TRUE,,FALSE,TRUE,Moderate,TRUE,TRUE,TRUE,FALSE,FALSE,FALSE,TRUE,TRUE,"The cardiac silhouette is normal.
There is no radiographic evidence of pulmonary edema or pneumonia. Emphysematous changes and hyperinflation. There is no pneumothorax visible. Postsurgical changes along the left chest wall.
",No acute radiographic abnormality.,Negative,https://braid.health/viewer/study/93f557e594eb00d43871fabb8f1cb5371e44d63b7be6a6e2c8d3283d22ea028f?key=BIo8HvL8W_dy__4IdBFd1pxP3xoibTLfRwG4ErLo9Okog3RzXmcB0VJL-7onLz9PlL4OpSzut_hzZZGPnC6LX0,FALSE
2020-04-14,Rapid COVID-19 Test,Nasal,Negative,43,FALSE,FALSE,FALSE,FALSE,FALSE,FALSE,FALSE,FALSE,FALSE,FALSE,,,130,82,,,,,FALSE,FALSE,FALSE,FALSE,,FALSE,,,FALSE,,FALSE,FALSE,FALSE,FALSE,FALSE,FALSE,FALSE,FALSE,,,,,FALSE
2020-04-14,Rapid COVID-19 Test,Nasal,Negative,64,TRUE,TRUE,FALSE,FALSE,TRUE,FALSE,TRUE,FALSE,FALSE,FALSE,36.65,76,160,94,16,98,,,FALSE,FALSE,FALSE,FALSE,,FALSE,,FALSE,FALSE,,FALSE,FALSE,FALSE,FALSE,FALSE,FALSE,FALSE,FALSE,,,,,FALSE
2020-04-14,Rapid COVID-19 Test,Nasal,Negative,46,FALSE,,FALSE,FALSE,FALSE,FALSE,FALSE,FALSE,FALSE,FALSE,36.85,72,136,74,16,99,,,FALSE,FALSE,FALSE,FALSE,,FALSE,,FALSE,FALSE,,FALSE,TRUE,TRUE,FALSE,FALSE,FALSE,FALSE,FALSE,,,,,FALSE
2020-04-14,Rapid COVID-19 Test,Nasal,Negative,21,FALSE,TRUE,FALSE,FALSE,FALSE,FALSE,FALSE,FALSE,FALSE,FALSE,36.65,89,144,78,16,98,,Negative,FALSE,FALSE,FALSE,FALSE,3,FALSE,Mild,TRUE,FALSE,,FALSE,TRUE,TRUE,FALSE,FALSE,FALSE,FALSE,TRUE,,,,,FALSE
2020-04-14,Rapid COVID-19 Test,Nasal,Negative,52,TRUE,TRUE,FALSE,FALSE,FALSE,FALSE,FALSE,FALSE,FALSE,FALSE,,,122,82,,,,,FALSE,FALSE,FALSE,FALSE,7,TRUE,Mild,FALSE,FALSE,,FALSE,FALSE,FALSE,FALSE,FALSE,FALSE,FALSE,TRUE,,,,,FALSE
2020-04-14,Rapid COVID-19 Test,Nasal,Negative,11,FALSE,FALSE,FALSE,FALSE,FALSE,FALSE,TRUE,FALSE,FALSE,FALSE,36.75,79,101,66,16,100,,Negative,FALSE,FALSE,FALSE,FALSE,4,TRUE,Moderate,TRUE,FALSE,,FALSE,FALSE,TRUE,FALSE,FALSE,TRUE,FALSE,TRUE,,,,,FALSE
2020-04-14,Rapid COVID-19 Test,Nasal,Negative,30,FALSE,FALSE,FALSE,FALSE,FALSE,FALSE,FALSE,FALSE,FALSE,FALSE,37.15,105,144,82,16,98,,,FALSE,FALSE,FALSE,FALSE,10,FALSE,,FALSE,FALSE,Moderate,FALSE,TRUE,FALSE,FALSE,FALSE,FALSE,TRUE,TRUE,,,,,FALSE
2020-04-14,Rapid COVID-19 Test,Nasal,Negative,53,FALSE,TRUE,FALSE,FALSE,FALSE,FALSE,FALSE,FALSE,FALSE,FALSE,37.00,97,141,96,18,99,,,FALSE,FALSE,FALSE,FALSE,3,TRUE,Mild,TRUE,FALSE,,FALSE,FALSE,FALSE,FALSE,FALSE,FALSE,FALSE,FALSE,"The cardiac silhouette is normal.
There is no radiographic evidence of pulmonary edema.
There is no radiographic evidence of pneumonia.
There is no pneumothorax visible.
",No significant abnormality.,Negative,https://braid.health/viewer/study/243f846c3bfdfba3fcf85fb7af17dca72e001a90e6fcd0a4b8b68c28e65a5a3b?key=BIo8HvL8W_dy__4IdBFd1pxP3xoibTLfRwG4ErLo9Okog3RzXmcB0VJL-7onLz9PlL4OpSzut_hzZZGPnC6LX0,FALSE
2020-04-14,Rapid COVID-19 Test,Nasal,Negative,28,FALSE,FALSE,FALSE,FALSE,FALSE,FALSE,FALSE,FALSE,FALSE,FALSE,37.30,99,138,92,12,97,,,FALSE,FALSE,,,2,TRUE,Mild,FALSE,FALSE,,FALSE,TRUE,FALSE,FALSE,FALSE,FALSE,FALSE,FALSE,,,,,FALSE
2020-04-14,Rapid COVID-19 Test,Nasal,Positive,13,FALSE,,FALSE,FALSE,FALSE,FALSE,FALSE,FALSE,FALSE,FALSE,37.95,140,124,81,,100,,,FALSE,FALSE,FALSE,FALSE,,FALSE,,TRUE,FALSE,,FALSE,TRUE,FALSE,FALSE,FALSE,FALSE,FALSE,FALSE,,,,,FALSE
2020-04-14,Rapid COVID-19 Test,Nasal,Negative,54,FALSE,FALSE,FALSE,FALSE,FALSE,FALSE,FALSE,FALSE,FALSE,FALSE,,,,,,97,,,FALSE,,,,3,TRUE,Severe,FALSE,TRUE,Moderate,FALSE,FALSE,TRUE,FALSE,FALSE,FALSE,FALSE,FALSE,"The cardiac silhouette is normal.
There is no radiographic evidence of pulmonary edema.
There is no radiographic evidence of pneumonia.
There is no pneumothorax visible. Scoliosis is present.
",No significant abnormality.,Negative,https://braid.health/viewer/study/a2a03b62d7a8d074743348b998ea057249ec7c7864dd6ba1f23cc9b29485f714?key=BIo8HvL8W_dy__4IdBFd1pxP3xoibTLfRwG4ErLo9Okog3RzXmcB0VJL-7onLz9PlL4OpSzut_hzZZGPnC6LX0,FALSE
2020-04-14,Rapid COVID-19 Test,Nasopharyngeal,Negative,50,FALSE,TRUE,FALSE,FALSE,TRUE,FALSE,FALSE,FALSE,FALSE,FALSE,36.85,74,149,103,16,98,,,FALSE,FALSE,FALSE,FALSE,,FALSE,,FALSE,FALSE,,FALSE,FALSE,FALSE,FALSE,FALSE,FALSE,FALSE,FALSE,,,,,FALSE
2020-04-14,Rapid COVID-19 Test,Nasal,Negative,36,FALSE,FALSE,FALSE,FALSE,FALSE,FALSE,TRUE,FALSE,FALSE,FALSE,36.80,95,111,78,16,97,,,FALSE,FALSE,FALSE,FALSE,21,TRUE,Mild,FALSE,TRUE,Mild,TRUE,TRUE,TRUE,TRUE,FALSE,FALSE,FALSE,TRUE,"The cardiac silhouette is normal.
There is no radiographic evidence of pulmonary edema or pneumonia. Small granuloma versus vessel on-end in the medial left lung. There is no pneumothorax visible.
",No radiographic evidence of acute abnormality. Please note that chest radiographs may not exhibit sensitivity for subtle groundglass opacities as can be seen with early viral infection.,Negative,https://braid.health/viewer/study/68722684abda5d6997d24ed8567ae35f08c157714f81c9c0811fadfa8fd6d059?key=BIo8HvL8W_dy__4IdBFd1pxP3xoibTLfRwG4ErLo9Okog3RzXmcB0VJL-7onLz9PlL4OpSzut_hzZZGPnC6LX0,FALSE
2020-04-14,Rapid COVID-19 Test,Nasal,Positive,55,FALSE,FALSE,FALSE,FALSE,FALSE,FALSE,FALSE,FALSE,FALSE,FALSE,37.30,87,125,88,16,95,Negative,,FALSE,FALSE,FALSE,FALSE,3,FALSE,,TRUE,FALSE,,FALSE,TRUE,TRUE,FALSE,FALSE,FALSE,TRUE,FALSE,,,,,FALSE
2020-04-14,Rapid COVID-19 Test,Nasal,Negative,17,TRUE,TRUE,FALSE,FALSE,FALSE,FALSE,FALSE,FALSE,FALSE,FALSE,37.10,103,122,81,14,96,,,FALSE,FALSE,FALSE,FALSE,,FALSE,,TRUE,FALSE,,FALSE,TRUE,FALSE,FALSE,FALSE,FALSE,TRUE,FALSE,,,,,FALSE
2020-04-14,SARS CoV w/CoV 2 RNA,Nasopharyngeal,Negative,24,FALSE,FALSE,FALSE,FALSE,FALSE,FALSE,FALSE,FALSE,FALSE,FALSE,37.15,75,114,76,16,98,Negative,Negative,FALSE,FALSE,FALSE,FALSE,7,TRUE,Moderate,TRUE,TRUE,,FALSE,TRUE,TRUE,FALSE,FALSE,TRUE,TRUE,TRUE,,,,,FALSE
2020-04-14,Rapid COVID-19 Test,Nasal,Negative,23,TRUE,FALSE,FALSE,FALSE,FALSE,FALSE,FALSE,FALSE,FALSE,FALSE,37.15,101,126,94,16,99,Negative,,FALSE,FALSE,FALSE,FALSE,3,TRUE,,TRUE,TRUE,Mild,FALSE,TRUE,TRUE,TRUE,TRUE,FALSE,FALSE,FALSE,"The cardiac silhouette is normal.
There is no radiographic evidence of pulmonary edema.
There is no radiographic evidence of pneumonia.
There is no pneumothorax visible.
",No significant abnormality.,Negative,https://braid.health/viewer/study/962a5c7ab686ede404110638667ec1a57202dab74d04904b61c0d9a32e4e533f?key=BIo8HvL8W_dy__4IdBFd1pxP3xoibTLfRwG4ErLo9Okog3RzXmcB0VJL-7onLz9PlL4OpSzut_hzZZGPnC6LX0,FALSE
2020-04-14,Rapid COVID-19 Test,Nasal,Negative,53,FALSE,FALSE,FALSE,FALSE,FALSE,FALSE,FALSE,FALSE,FALSE,FALSE,37.00,76,115,67,14,97,,,FALSE,,,,35,FALSE,,FALSE,TRUE,Mild,FALSE,TRUE,TRUE,FALSE,FALSE,FALSE,TRUE,FALSE,,,,,FALSE
2020-04-14,Rapid COVID-19 Test,Nasal,Negative,35,TRUE,FALSE,FALSE,FALSE,FALSE,FALSE,FALSE,FALSE,FALSE,FALSE,37.00,82,150,90,16,98,,,,,,,,FALSE,,FALSE,FALSE,,FALSE,FALSE,FALSE,FALSE,FALSE,FALSE,FALSE,FALSE,,,,,FALSE
2020-04-14,Rapid COVID-19 Test,Nasal,Negative,49,FALSE,,FALSE,FALSE,FALSE,FALSE,FALSE,FALSE,FALSE,FALSE,36.90,70,128,84,17,95,,,FALSE,FALSE,FALSE,FALSE,7,TRUE,,FALSE,TRUE,,TRUE,FALSE,FALSE,TRUE,TRUE,FALSE,FALSE,FALSE,"The cardiac silhouette is normal.
There is no radiographic evidence of pulmonary edema or pneumonia.
There is no pneumothorax or effusion visible.
","No suspicious pulmonary opacities. No acute radiographic abnormality.

Please note that chest radiographs may not exhibit sensitivity for subtle groundglass lesions as can be seen in early viral pneumonia.",Negative,https://braid.health/viewer/study/2d756831293352ddc0195154c5b26cd7f84d1b4ed1b29a2dc404c6152b8a0aba?key=BIo8HvL8W_dy__4IdBFd1pxP3xoibTLfRwG4ErLo9Okog3RzXmcB0VJL-7onLz9PlL4OpSzut_hzZZGPnC6LX0,FALSE
2020-04-14,Rapid COVID-19 Test,Nasal,Negative,72,TRUE,FALSE,FALSE,FALSE,FALSE,FALSE,FALSE,FALSE,FALSE,FALSE,36.70,64,144,75,16,96,,,FALSE,FALSE,FALSE,FALSE,,FALSE,,FALSE,FALSE,,TRUE,TRUE,FALSE,FALSE,FALSE,FALSE,FALSE,FALSE,,,,,FALSE
2020-04-14,Rapid COVID-19 Test,Nasal,Negative,18,TRUE,TRUE,FALSE,FALSE,FALSE,FALSE,FALSE,FALSE,FALSE,FALSE,37.00,91,125,87,,96,,,FALSE,FALSE,FALSE,FALSE,3,FALSE,,TRUE,TRUE,Mild,TRUE,TRUE,TRUE,FALSE,FALSE,FALSE,TRUE,FALSE,,,,,FALSE
2020-04-14,Rapid COVID-19 Test,Nasal,Negative,33,FALSE,FALSE,FALSE,FALSE,FALSE,FALSE,FALSE,FALSE,FALSE,FALSE,36.95,58,115,75,16,100,,,FALSE,FALSE,FALSE,FALSE,3,TRUE,Mild,FALSE,FALSE,,TRUE,FALSE,FALSE,TRUE,TRUE,TRUE,TRUE,FALSE,,,,,FALSE
2020-04-14,Rapid COVID-19 Test,Nasal,Negative,52,TRUE,FALSE,FALSE,FALSE,FALSE,TRUE,TRUE,FALSE,FALSE,FALSE,36.85,68,149,91,12,100,,,TRUE,FALSE,,,,FALSE,,FALSE,FALSE,,FALSE,FALSE,FALSE,FALSE,FALSE,TRUE,FALSE,FALSE,,,,,FALSE
2020-04-14,Rapid COVID-19 Test,Nasal,Negative,25,TRUE,TRUE,FALSE,FALSE,TRUE,FALSE,FALSE,FALSE,FALSE,FALSE,36.95,111,140,86,12,94,,,FALSE,FALSE,FALSE,FALSE,7,TRUE,Mild,FALSE,FALSE,,FALSE,TRUE,TRUE,FALSE,FALSE,FALSE,FALSE,FALSE,"The cardiac silhouette is normal.
There is no radiographic evidence of pulmonary edema.
There is no radiographic evidence of pneumonia.
There is no pneumothorax visible.
",No significant abnormality.,Negative,https://braid.health/viewer/study/bd1913a016f3d5f92db6027da00593a775911dc06da1d2f0b5e0be8d33909c0c?key=BIo8HvL8W_dy__4IdBFd1pxP3xoibTLfRwG4ErLo9Okog3RzXmcB0VJL-7onLz9PlL4OpSzut_hzZZGPnC6LX0,FALSE
2020-04-14,Rapid COVID-19 Test,Nasopharyngeal,Negative,51,FALSE,FALSE,FALSE,FALSE,FALSE,FALSE,FALSE,FALSE,FALSE,FALSE,,,126,86,,,,,FALSE,FALSE,FALSE,FALSE,5,FALSE,,FALSE,TRUE,Moderate,FALSE,TRUE,TRUE,FALSE,FALSE,FALSE,TRUE,FALSE,"The cardiac silhouette is normal.
There is no radiographic evidence of pulmonary edema or pneumonia.
There is no pneumothorax visible.
",No acute radiographic abnormality. Please note that chest radiographs may exhibit limited sensitivity for subtle groundglass opacities as can be seen in early viral infection.,Negative,https://braid.health/viewer/study/21e0383917bad0a57432c5a6fe1e68ad9a16ecd94235a71b196c4a49ab461276?key=BIo8HvL8W_dy__4IdBFd1pxP3xoibTLfRwG4ErLo9Okog3RzXmcB0VJL-7onLz9PlL4OpSzut_hzZZGPnC6LX0,FALSE
2020-04-14,Rapid COVID-19 Test,Nasal,Negative,40,TRUE,TRUE,FALSE,FALSE,FALSE,FALSE,FALSE,FALSE,FALSE,FALSE,37.00,92,129,81,17,96,,Negative,FALSE,FALSE,FALSE,FALSE,1,TRUE,Moderate,,TRUE,Moderate,FALSE,TRUE,FALSE,FALSE,FALSE,TRUE,FALSE,TRUE,,,,,FALSE
2020-04-14,Rapid COVID-19 Test,Nasal,Negative,32,FALSE,,FALSE,FALSE,FALSE,FALSE,FALSE,FALSE,FALSE,FALSE,36.75,78,111,72,17,98,,,FALSE,FALSE,FALSE,FALSE,4,TRUE,Mild,,FALSE,,TRUE,TRUE,TRUE,FALSE,FALSE,TRUE,FALSE,TRUE,,,,,FALSE
2020-04-14,Rapid COVID-19 Test,Nasal,Negative,59,FALSE,,FALSE,FALSE,FALSE,FALSE,FALSE,FALSE,FALSE,FALSE,37.25,83,120,74,15,97,,,FALSE,FALSE,FALSE,FALSE,,TRUE,,,FALSE,,FALSE,FALSE,TRUE,FALSE,FALSE,FALSE,TRUE,FALSE,"The cardiac silhouette is normal.
There is no radiographic evidence of pulmonary edema.
There is no radiographic evidence of pneumonia.
There is no pneumothorax visible. The lateral aspect of the right lung is not demonstrated on the PA view.
",No significant abnormality.,Negative,https://braid.health/viewer/study/2a13ed9248228456fd636ccf63fe07cb853dece4b44de78d58446a1a0c24074d?key=BIo8HvL8W_dy__4IdBFd1pxP3xoibTLfRwG4ErLo9Okog3RzXmcB0VJL-7onLz9PlL4OpSzut_hzZZGPnC6LX0,FALSE
2020-04-14,Rapid COVID-19 Test,Nasal,Positive,40,FALSE,,FALSE,FALSE,FALSE,FALSE,FALSE,FALSE,FALSE,FALSE,36.85,67,121,79,17,97,,,FALSE,FALSE,FALSE,FALSE,,FALSE,,,FALSE,,FALSE,FALSE,FALSE,FALSE,FALSE,FALSE,FALSE,FALSE,,,,,FALSE
2020-04-14,Rapid COVID-19 Test,Nasal,Negative,30,TRUE,FALSE,FALSE,FALSE,FALSE,FALSE,FALSE,FALSE,FALSE,FALSE,37.15,52,117,74,16,97,,,FALSE,FALSE,FALSE,FALSE,,FALSE,,FALSE,FALSE,,FALSE,FALSE,FALSE,FALSE,FALSE,FALSE,FALSE,FALSE,,,,,FALSE
2020-04-14,"SARS-CoV-2, NAA",Nasopharyngeal,Negative,55,FALSE,FALSE,FALSE,FALSE,FALSE,FALSE,FALSE,FALSE,FALSE,FALSE,37.15,104,131,89,18,99,,,FALSE,FALSE,FALSE,FALSE,5,TRUE,Mild,TRUE,FALSE,,FALSE,TRUE,FALSE,FALSE,FALSE,TRUE,FALSE,FALSE,"The cardiac silhouette is normal.
There is no radiographic evidence of pulmonary edema or pneumonia.
There is no pneumothorax visible.
",No suspicious pulmonary opacities. Please note that chest radiography may exhibit limited sensitivity for subtle groundglass opacity as can be seen in early viral pneumonia.,Negative,https://braid.health/viewer/study/af7360827f6aae1facec7f29b95b8c688b4714889535ab23b83097e995a91396?key=BIo8HvL8W_dy__4IdBFd1pxP3xoibTLfRwG4ErLo9Okog3RzXmcB0VJL-7onLz9PlL4OpSzut_hzZZGPnC6LX0,FALSE
2020-04-14,Rapid COVID-19 Test,Nasal,Negative,27,FALSE,FALSE,FALSE,FALSE,FALSE,FALSE,FALSE,FALSE,FALSE,FALSE,36.80,97,137,86,,96,,,,FALSE,,,4,TRUE,Moderate,TRUE,FALSE,,FALSE,TRUE,TRUE,FALSE,FALSE,FALSE,FALSE,FALSE,,,,,FALSE
2020-04-14,Rapid COVID-19 Test,Nasal,Negative,33,TRUE,FALSE,FALSE,FALSE,FALSE,FALSE,FALSE,FALSE,FALSE,FALSE,,,136,93,,,,,FALSE,FALSE,FALSE,FALSE,2,FALSE,,FALSE,TRUE,Severe,FALSE,FALSE,FALSE,FALSE,FALSE,FALSE,FALSE,FALSE,"The cardiac silhouette is normal.
There is no radiographic evidence of pulmonary edema.
There is no radiographic evidence of pneumonia.
There is no pneumothorax visible.
",No significant abnormality.,Negative,https://braid.health/viewer/study/6418dea4d40ad6bec51da1b2f7bced0046830c2afee6c3f43931789d22cf42a7?key=BIo8HvL8W_dy__4IdBFd1pxP3xoibTLfRwG4ErLo9Okog3RzXmcB0VJL-7onLz9PlL4OpSzut_hzZZGPnC6LX0,FALSE
2020-04-14,Rapid COVID-19 Test,Nasal,Negative,31,TRUE,FALSE,FALSE,FALSE,FALSE,FALSE,FALSE,FALSE,FALSE,FALSE,37.00,99,129,84,17,96,,,FALSE,FALSE,FALSE,FALSE,21,TRUE,Moderate,FALSE,FALSE,,TRUE,TRUE,TRUE,FALSE,FALSE,FALSE,TRUE,TRUE,,,,,FALSE
2020-04-14,Rapid COVID-19 Test,Nasopharyngeal,Negative,33,FALSE,FALSE,FALSE,FALSE,FALSE,FALSE,FALSE,FALSE,FALSE,FALSE,36.80,65,104,66,17,97,,,FALSE,FALSE,FALSE,FALSE,5,TRUE,Moderate,FALSE,FALSE,Moderate,FALSE,FALSE,FALSE,TRUE,TRUE,TRUE,TRUE,FALSE,,,,,FALSE
2020-04-14,Rapid COVID-19 Test,Nasal,Negative,51,TRUE,FALSE,FALSE,FALSE,FALSE,FALSE,FALSE,FALSE,FALSE,FALSE,36.65,85,117,80,14,97,,,FALSE,FALSE,FALSE,FALSE,,FALSE,,FALSE,FALSE,,FALSE,FALSE,FALSE,FALSE,FALSE,FALSE,FALSE,FALSE,,,,,FALSE
2020-04-14,Rapid COVID-19 Test,Nasopharyngeal,Positive,52,FALSE,FALSE,FALSE,FALSE,FALSE,FALSE,FALSE,FALSE,FALSE,FALSE,38.30,96,103,67,16,97,Negative,,FALSE,FALSE,FALSE,FALSE,3,TRUE,Moderate,TRUE,FALSE,,FALSE,FALSE,FALSE,FALSE,FALSE,TRUE,TRUE,TRUE,"The cardiac silhouette is normal.
There is no radiographic evidence of pulmonary edema.
There is no radiographic evidence of pneumonia.
There is no pneumothorax visible. Mild scoliosis is present.
",No significant abnormality.,Negative,https://braid.health/viewer/study/8b0e82f603b93ac0470bdd0dd0442da5402acb96c5a1dc585933b9e3ddd4495a?key=BIo8HvL8W_dy__4IdBFd1pxP3xoibTLfRwG4ErLo9Okog3RzXmcB0VJL-7onLz9PlL4OpSzut_hzZZGPnC6LX0,FALSE
2020-04-14,Rapid COVID-19 Test,Nasal,Negative,29,FALSE,FALSE,FALSE,FALSE,FALSE,FALSE,FALSE,FALSE,FALSE,FALSE,37.00,95,126,82,12,94,,,FALSE,FALSE,FALSE,FALSE,21,TRUE,Moderate,FALSE,TRUE,Moderate,FALSE,TRUE,TRUE,TRUE,TRUE,TRUE,TRUE,TRUE,,,,,FALSE
2020-04-14,Rapid COVID-19 Test,Nasal,Negative,37,FALSE,FALSE,FALSE,FALSE,FALSE,FALSE,FALSE,FALSE,FALSE,FALSE,36.75,90,114,76,17,100,,,FALSE,FALSE,FALSE,FALSE,4,TRUE,Moderate,FALSE,FALSE,,FALSE,TRUE,TRUE,FALSE,FALSE,FALSE,FALSE,FALSE,,,,,FALSE
2020-04-14,Rapid COVID-19 Test,Nasal,Negative,43,FALSE,FALSE,FALSE,FALSE,FALSE,FALSE,FALSE,FALSE,FALSE,FALSE,36.70,67,92,61,16,97,,,FALSE,FALSE,FALSE,FALSE,,FALSE,,FALSE,FALSE,,FALSE,FALSE,FALSE,FALSE,FALSE,FALSE,FALSE,TRUE,,,,,FALSE
2020-04-14,Rapid COVID-19 Test,Nasal,Negative,27,FALSE,FALSE,FALSE,FALSE,FALSE,FALSE,FALSE,FALSE,FALSE,FALSE,36.90,83,129,86,17,100,,,FALSE,FALSE,FALSE,FALSE,28,TRUE,Moderate,FALSE,TRUE,Moderate,FALSE,TRUE,FALSE,TRUE,FALSE,FALSE,TRUE,FALSE,,,,,FALSE
2020-04-14,Rapid COVID-19 Test,Nasal,Negative,27,FALSE,FALSE,FALSE,FALSE,FALSE,FALSE,FALSE,FALSE,FALSE,FALSE,37.45,78,135,80,17,97,,,,,,,,FALSE,,FALSE,FALSE,,FALSE,FALSE,FALSE,FALSE,FALSE,FALSE,FALSE,FALSE,,,,,FALSE
2020-04-14,Rapid COVID-19 Test,Nasal,Negative,37,TRUE,FALSE,FALSE,FALSE,FALSE,FALSE,FALSE,FALSE,FALSE,FALSE,37.35,101,159,90,17,97,,,,,,,,FALSE,,,FALSE,,FALSE,FALSE,FALSE,FALSE,FALSE,FALSE,FALSE,FALSE,,,,,FALSE
2020-04-14,Rapid COVID-19 Test,Nasal,Negative,25,FALSE,,FALSE,FALSE,FALSE,FALSE,FALSE,FALSE,FALSE,FALSE,,,,,,,,,FALSE,FALSE,,,,FALSE,,,FALSE,,FALSE,FALSE,FALSE,FALSE,FALSE,FALSE,FALSE,FALSE,,,,,FALSE
2020-04-14,Rapid COVID-19 Test,Nasal,Negative,55,TRUE,TRUE,FALSE,FALSE,FALSE,FALSE,FALSE,FALSE,FALSE,FALSE,36.50,55,153,87,16,100,,,FALSE,FALSE,FALSE,FALSE,3,TRUE,Mild,FALSE,FALSE,,FALSE,TRUE,FALSE,FALSE,FALSE,TRUE,FALSE,FALSE,"The cardiac silhouette is normal.
There is no radiographic evidence of pulmonary edema.
There is no radiographic evidence of pneumonia.
There is no pneumothorax visible.
",No significant abnormality.,Negative,https://braid.health/viewer/study/40a6dbeb45f86cc68019bd03e964db343daaf79634662e7447eb1e6e7e3f8543?key=BIo8HvL8W_dy__4IdBFd1pxP3xoibTLfRwG4ErLo9Okog3RzXmcB0VJL-7onLz9PlL4OpSzut_hzZZGPnC6LX0,FALSE
2020-04-14,Rapid COVID-19 Test,Nasal,Negative,51,FALSE,TRUE,FALSE,FALSE,TRUE,TRUE,FALSE,FALSE,FALSE,FALSE,36.75,58,149,92,16,100,,,FALSE,FALSE,FALSE,FALSE,,FALSE,,FALSE,FALSE,,FALSE,TRUE,TRUE,FALSE,FALSE,FALSE,FALSE,FALSE,,,,,FALSE
2020-04-14,Rapid COVID-19 Test,Nasal,Negative,35,FALSE,,FALSE,FALSE,FALSE,FALSE,FALSE,FALSE,FALSE,FALSE,36.85,94,138,86,16,98,,,FALSE,FALSE,FALSE,FALSE,30,TRUE,Moderate,,FALSE,,FALSE,FALSE,FALSE,FALSE,FALSE,FALSE,FALSE,FALSE,"The cardiac silhouette is normal.
There is no radiographic evidence of pulmonary edema or pneumonia.
There is no pneumothorax visible.
","No suspicious pulmonary opacities. Please note that chest radiographs may not be sensitive for subtle groundglass opacities, as can be seen in early viral pneumonia.",Negative,https://braid.health/viewer/study/bde25e15e007a4957028f5372ee3b354bcac14b722971e644f63acd9a9bf26b1?key=BIo8HvL8W_dy__4IdBFd1pxP3xoibTLfRwG4ErLo9Okog3RzXmcB0VJL-7onLz9PlL4OpSzut_hzZZGPnC6LX0,FALSE
2020-04-14,Rapid COVID-19 Test,Nasal,Negative,36,FALSE,,FALSE,FALSE,FALSE,FALSE,FALSE,FALSE,FALSE,FALSE,36.45,85,132,83,12,100,,,FALSE,FALSE,FALSE,FALSE,5,FALSE,,,TRUE,Moderate,FALSE,FALSE,FALSE,FALSE,FALSE,FALSE,FALSE,FALSE,,,,,FALSE
2020-04-14,Rapid COVID-19 Test,Nasal,Negative,39,FALSE,FALSE,FALSE,FALSE,FALSE,FALSE,FALSE,FALSE,FALSE,FALSE,36.95,91,126,85,14,99,,,FALSE,FALSE,FALSE,FALSE,2,TRUE,Mild,FALSE,FALSE,,FALSE,FALSE,FALSE,FALSE,FALSE,FALSE,FALSE,TRUE,,,,,FALSE
2020-04-14,Rapid COVID-19 Test,Nasal,Negative,46,FALSE,FALSE,FALSE,FALSE,FALSE,FALSE,FALSE,FALSE,FALSE,FALSE,36.75,98,110,70,17,97,,,FALSE,FALSE,FALSE,FALSE,30,FALSE,,FALSE,TRUE,Mild,FALSE,TRUE,TRUE,FALSE,FALSE,TRUE,FALSE,FALSE,"The cardiac silhouette is normal.
There is no radiographic evidence of pulmonary edema.
Small bilateral effusions are visible. 
There is no pneumothorax visible. The patient is rotated.
","Small bilateral effusions, versus, less likely, pleural thickening. No definite suspicious lung opacities. Please note that chest radiographs may not be sensitive for subtle groundglass lesions as can be seen in early viral pneumonia.",Negative,https://braid.health/viewer/study/8b1e3ff83bdbe63ecd4cddea1a367f7d5231c37f17b794c5c7e7777ce89030e3?key=BIo8HvL8W_dy__4IdBFd1pxP3xoibTLfRwG4ErLo9Okog3RzXmcB0VJL-7onLz9PlL4OpSzut_hzZZGPnC6LX0,FALSE
2020-04-14,Rapid COVID-19 Test,Nasal,Negative,52,FALSE,TRUE,FALSE,FALSE,FALSE,FALSE,TRUE,FALSE,FALSE,FALSE,37.20,99,124,77,16,97,,,FALSE,FALSE,FALSE,FALSE,7,TRUE,Moderate,TRUE,TRUE,Moderate,TRUE,TRUE,TRUE,TRUE,FALSE,TRUE,FALSE,TRUE,,,,,FALSE
2020-04-14,Rapid COVID-19 Test,Nasopharyngeal,Negative,26,FALSE,FALSE,FALSE,FALSE,FALSE,FALSE,FALSE,FALSE,FALSE,FALSE,36.85,88,114,71,16,99,,,FALSE,FALSE,,,7,TRUE,Moderate,TRUE,FALSE,,TRUE,TRUE,FALSE,TRUE,FALSE,FALSE,TRUE,FALSE,,,,,FALSE
2020-04-14,Rapid COVID-19 Test,Nasal,Negative,50,TRUE,TRUE,FALSE,FALSE,FALSE,FALSE,FALSE,FALSE,FALSE,FALSE,36.75,80,140,74,16,100,,,FALSE,FALSE,FALSE,FALSE,3,TRUE,Moderate,FALSE,FALSE,,TRUE,TRUE,FALSE,TRUE,TRUE,FALSE,TRUE,FALSE,,,,,FALSE
2020-04-14,Rapid COVID-19 Test,Oropharyngeal,Negative,57,,,FALSE,FALSE,FALSE,FALSE,FALSE,FALSE,FALSE,FALSE,,,,,,,,,,,,,,FALSE,,,,,,,,,,,,,,,,,FALSE
2020-04-14,Rapid COVID-19 Test,Nasal,Negative,34,FALSE,FALSE,FALSE,FALSE,FALSE,FALSE,FALSE,FALSE,FALSE,FALSE,37.10,72,123,85,16,98,,,,FALSE,,,4,FALSE,,FALSE,FALSE,,TRUE,TRUE,FALSE,FALSE,FALSE,FALSE,FALSE,TRUE,,,,,FALSE
2020-04-14,Rapid COVID-19 Test,Nasal,Negative,76,FALSE,FALSE,TRUE,TRUE,TRUE,FALSE,TRUE,FALSE,FALSE,FALSE,36.65,61,141,82,17,99,,,FALSE,FALSE,FALSE,TRUE,35,TRUE,Moderate,FALSE,FALSE,,FALSE,TRUE,FALSE,FALSE,FALSE,FALSE,FALSE,FALSE,"The cardiac silhouette is normal.
There is no radiographic evidence of pulmonary edema.
There is no radiographic evidence of pneumonia.
There is no pneumothorax visible. Scoliosis is present as well as stigmata of prior CABG.
",No acute abnormality.,Negative,https://braid.health/viewer/study/7fd57585b0bbcc34bf4f2724aa03301dd38c0703cf293be2f64d3ceb5eb14f71?key=BIo8HvL8W_dy__4IdBFd1pxP3xoibTLfRwG4ErLo9Okog3RzXmcB0VJL-7onLz9PlL4OpSzut_hzZZGPnC6LX0,FALSE
2020-04-14,Rapid COVID-19 Test,Nasal,Negative,63,FALSE,FALSE,FALSE,FALSE,FALSE,FALSE,FALSE,TRUE,TRUE,FALSE,36.95,65,152,80,17,95,,,FALSE,FALSE,FALSE,FALSE,14,TRUE,Moderate,,FALSE,,FALSE,TRUE,FALSE,FALSE,FALSE,TRUE,FALSE,FALSE,,,,,FALSE
2020-04-14,Rapid COVID-19 Test,Nasal,Negative,33,FALSE,FALSE,FALSE,FALSE,FALSE,FALSE,FALSE,FALSE,FALSE,FALSE,36.95,76,118,77,16,97,,,FALSE,FALSE,TRUE,TRUE,,TRUE,Mild,,FALSE,,FALSE,FALSE,FALSE,FALSE,FALSE,FALSE,FALSE,FALSE,,,,,FALSE
2020-04-14,Rapid COVID-19 Test,Nasal,Negative,62,FALSE,FALSE,FALSE,FALSE,FALSE,FALSE,FALSE,FALSE,FALSE,FALSE,36.85,73,131,86,12,95,,,FALSE,FALSE,,,,FALSE,,FALSE,FALSE,,FALSE,TRUE,FALSE,TRUE,FALSE,FALSE,FALSE,FALSE,,,,,FALSE
2020-04-14,Rapid COVID-19 Test,Nasal,Negative,50,TRUE,TRUE,FALSE,FALSE,FALSE,FALSE,FALSE,FALSE,FALSE,FALSE,36.95,68,113,77,16,99,,,FALSE,FALSE,FALSE,FALSE,14,FALSE,,,FALSE,,TRUE,TRUE,TRUE,FALSE,FALSE,TRUE,TRUE,FALSE,,,,,FALSE
2020-04-14,Rapid COVID-19 Test,Nasal,Negative,34,FALSE,FALSE,TRUE,FALSE,FALSE,FALSE,FALSE,FALSE,FALSE,FALSE,37.15,99,127,84,14,98,,,FALSE,FALSE,FALSE,FALSE,3,TRUE,Mild,TRUE,FALSE,,TRUE,TRUE,FALSE,FALSE,FALSE,FALSE,FALSE,TRUE,,,,,FALSE
2020-04-14,Rapid COVID-19 Test,Nasal,Negative,52,FALSE,,FALSE,FALSE,FALSE,FALSE,FALSE,FALSE,FALSE,FALSE,36.85,95,112,74,16,99,,,FALSE,FALSE,FALSE,FALSE,28,FALSE,,,FALSE,,FALSE,TRUE,FALSE,FALSE,FALSE,FALSE,FALSE,FALSE,"The cardiac silhouette is normal.
There is no radiographic evidence of pulmonary edema.
There is no radiographic evidence of pneumonia.
There is no pneumothorax visible.
",No significant abnormality.,Negative,https://braid.health/viewer/study/7a4eff6175ae6c291845f2524a6660d73d538b563bf3d5d174ee8a8f9702279e?key=BIo8HvL8W_dy__4IdBFd1pxP3xoibTLfRwG4ErLo9Okog3RzXmcB0VJL-7onLz9PlL4OpSzut_hzZZGPnC6LX0,FALSE
2020-04-14,Rapid COVID-19 Test,Nasal,Negative,49,FALSE,TRUE,TRUE,FALSE,TRUE,FALSE,TRUE,FALSE,FALSE,FALSE,37.00,78,158,99,16,98,Negative,,FALSE,FALSE,FALSE,FALSE,4,TRUE,Moderate,TRUE,TRUE,Mild,FALSE,TRUE,TRUE,FALSE,FALSE,FALSE,TRUE,FALSE,"The cardiac silhouette is normal.
There is no radiographic evidence of pulmonary edema.
There is right upper lobe segmental consolidation extending to the periphery. No effusions are present.
There is no pneumothorax visible.
","Consolidation in the right mid to upper lung fields, concerning for pneumonia.",Negative,https://braid.health/viewer/study/e08efc74e2ed09d1153e148e00d40c71488cf9fc55d4878398b97ebe09fe1b5f?key=BIo8HvL8W_dy__4IdBFd1pxP3xoibTLfRwG4ErLo9Okog3RzXmcB0VJL-7onLz9PlL4OpSzut_hzZZGPnC6LX0,FALSE
2020-04-14,Rapid COVID-19 Test,Nasal,Negative,27,FALSE,FALSE,FALSE,FALSE,FALSE,FALSE,FALSE,FALSE,FALSE,FALSE,36.80,64,101,66,16,100,,,FALSE,FALSE,FALSE,FALSE,30,TRUE,Mild,FALSE,TRUE,Mild,FALSE,FALSE,FALSE,FALSE,FALSE,TRUE,FALSE,TRUE,"The cardiac silhouette is normal.
There is no radiographic evidence of pulmonary edema.
There is no radiographic evidence of pneumonia.
There is no pneumothorax visible.
",No significant abnormality.,Negative,https://braid.health/viewer/study/a0c161ae53841cad6c50043afbad3180494fc73ea75e004e62293d71b1203cad?key=BIo8HvL8W_dy__4IdBFd1pxP3xoibTLfRwG4ErLo9Okog3RzXmcB0VJL-7onLz9PlL4OpSzut_hzZZGPnC6LX0,FALSE
2020-04-14,Rapid COVID-19 Test,Nasal,Negative,38,FALSE,FALSE,FALSE,FALSE,FALSE,FALSE,FALSE,FALSE,FALSE,FALSE,37.50,116,124,90,20,98,,,FALSE,FALSE,FALSE,FALSE,28,TRUE,Moderate,TRUE,FALSE,,FALSE,TRUE,FALSE,FALSE,FALSE,FALSE,FALSE,FALSE,,,,,FALSE
2020-04-14,Rapid COVID-19 Test,Nasal,Negative,58,TRUE,FALSE,FALSE,FALSE,FALSE,FALSE,FALSE,FALSE,FALSE,FALSE,36.90,75,116,68,17,98,,,FALSE,FALSE,,FALSE,,FALSE,,FALSE,FALSE,,FALSE,FALSE,FALSE,FALSE,FALSE,FALSE,FALSE,FALSE,,,,,FALSE
2020-04-14,Rapid COVID-19 Test,Nasal,Negative,54,FALSE,FALSE,FALSE,FALSE,TRUE,FALSE,FALSE,FALSE,FALSE,FALSE,36.70,96,157,91,15,97,,,FALSE,FALSE,FALSE,FALSE,,FALSE,,FALSE,FALSE,,FALSE,FALSE,FALSE,FALSE,FALSE,FALSE,FALSE,FALSE,,,,,FALSE
2020-04-14,Rapid COVID-19 Test,Nasal,Negative,35,FALSE,,FALSE,FALSE,FALSE,FALSE,FALSE,FALSE,FALSE,FALSE,,,,,,,,,,,,,,FALSE,,,FALSE,,FALSE,FALSE,FALSE,FALSE,FALSE,FALSE,FALSE,FALSE,,,,,FALSE
2020-04-14,Rapid COVID-19 Test,Nasal,Negative,24,TRUE,TRUE,FALSE,FALSE,FALSE,FALSE,FALSE,FALSE,FALSE,FALSE,,,,,,97,Negative,Negative,FALSE,FALSE,FALSE,FALSE,,FALSE,,,FALSE,,FALSE,FALSE,FALSE,FALSE,FALSE,FALSE,FALSE,TRUE,,,,,FALSE
2020-04-14,Rapid COVID-19 Test,Nasal,Negative,44,FALSE,FALSE,FALSE,FALSE,FALSE,FALSE,FALSE,FALSE,FALSE,FALSE,36.90,87,130,85,17,96,,,FALSE,FALSE,FALSE,FALSE,21,TRUE,Mild,FALSE,FALSE,Mild,FALSE,FALSE,FALSE,FALSE,FALSE,FALSE,FALSE,FALSE,,,,,FALSE
2020-04-14,Rapid COVID-19 Test,Nasal,Positive,66,FALSE,FALSE,FALSE,FALSE,FALSE,FALSE,FALSE,FALSE,FALSE,FALSE,37.00,83,165,104,17,94,,,FALSE,FALSE,FALSE,FALSE,3,TRUE,Mild,FALSE,FALSE,,FALSE,FALSE,FALSE,FALSE,FALSE,FALSE,FALSE,FALSE,,,,,FALSE
2020-04-14,Rapid COVID-19 Test,Nasal,Negative,37,FALSE,FALSE,FALSE,FALSE,FALSE,FALSE,FALSE,FALSE,FALSE,FALSE,36.85,68,114,80,12,100,,,FALSE,,,,7,TRUE,Mild,,TRUE,,FALSE,TRUE,FALSE,FALSE,FALSE,FALSE,FALSE,FALSE,,,,,FALSE
2020-04-14,Rapid COVID-19 Test,Nasal,Negative,24,TRUE,FALSE,FALSE,FALSE,FALSE,FALSE,TRUE,FALSE,FALSE,FALSE,37.25,92,114,75,14,98,,,FALSE,FALSE,FALSE,FALSE,,TRUE,Mild,FALSE,FALSE,Mild,FALSE,FALSE,FALSE,FALSE,FALSE,FALSE,FALSE,FALSE,"The cardiac silhouette is normal.
There is no radiographic evidence of pulmonary edema.
There is subtle density at the left lung base.
There is no pneumothorax visible.
",Subtle left basilar density,Negative,https://braid.health/viewer/study/420f85769aea85bb34f112a8b77f1aca240729f7b416b1bf2a4da284801c349b?key=BIo8HvL8W_dy__4IdBFd1pxP3xoibTLfRwG4ErLo9Okog3RzXmcB0VJL-7onLz9PlL4OpSzut_hzZZGPnC6LX0,FALSE
2020-04-14,Rapid COVID-19 Test,Nasopharyngeal,Negative,26,FALSE,,FALSE,FALSE,FALSE,FALSE,FALSE,FALSE,FALSE,FALSE,,,,,,,,,,,,,,FALSE,,,FALSE,,FALSE,FALSE,FALSE,FALSE,FALSE,FALSE,FALSE,FALSE,,,,,FALSE
2020-04-14,Rapid COVID-19 Test,Nasal,Negative,42,FALSE,FALSE,FALSE,FALSE,FALSE,FALSE,FALSE,FALSE,FALSE,FALSE,37.00,96,111,75,14,97,,,FALSE,FALSE,FALSE,FALSE,28,TRUE,Mild,TRUE,TRUE,Moderate,FALSE,FALSE,FALSE,FALSE,FALSE,FALSE,FALSE,FALSE,"The cardiac silhouette is normal.
There is no radiographic evidence of pulmonary edema.
There is no radiographic evidence of pneumonia.
There is no pneumothorax visible.
",No significant abnormality.,Negative,https://braid.health/viewer/study/2f543cf0790cade1cda826abae6d2d0395f3856aa0610f0ea65397739224087d?key=BIo8HvL8W_dy__4IdBFd1pxP3xoibTLfRwG4ErLo9Okog3RzXmcB0VJL-7onLz9PlL4OpSzut_hzZZGPnC6LX0,FALSE
2020-04-14,Rapid COVID-19 Test,Nasal,Negative,43,FALSE,FALSE,FALSE,FALSE,FALSE,FALSE,FALSE,FALSE,FALSE,FALSE,,,140,80,,,,,FALSE,FALSE,FALSE,FALSE,,FALSE,,,FALSE,,FALSE,FALSE,FALSE,FALSE,FALSE,TRUE,FALSE,FALSE,,,,,FALSE
2020-04-14,Rapid COVID-19 Test,Nasal,Negative,42,FALSE,FALSE,FALSE,FALSE,FALSE,FALSE,FALSE,FALSE,FALSE,FALSE,37.30,70,134,87,18,99,,,FALSE,FALSE,FALSE,FALSE,21,TRUE,Mild,TRUE,FALSE,,FALSE,TRUE,TRUE,FALSE,FALSE,TRUE,FALSE,TRUE,"The cardiac silhouette is normal.
There is no radiographic evidence of pulmonary edema.
There is no radiographic evidence of pneumonia.
There is no pneumothorax visible.
",No significant abnormality.,Negative,https://braid.health/viewer/study/60adcd82c9c2d001dac5d174b3fe1488e70b51ebcde79d22b143ce7898b5a2a5?key=BIo8HvL8W_dy__4IdBFd1pxP3xoibTLfRwG4ErLo9Okog3RzXmcB0VJL-7onLz9PlL4OpSzut_hzZZGPnC6LX0,FALSE
2020-04-14,Rapid COVID-19 Test,Nasal,Negative,82,FALSE,,FALSE,FALSE,FALSE,FALSE,FALSE,FALSE,FALSE,FALSE,36.60,71,118,80,,96,,,FALSE,FALSE,FALSE,FALSE,,FALSE,,,FALSE,,FALSE,FALSE,FALSE,FALSE,FALSE,FALSE,FALSE,FALSE,,,,,FALSE
2020-04-14,Rapid COVID-19 Test,Nasal,Negative,65,FALSE,FALSE,FALSE,FALSE,FALSE,FALSE,FALSE,FALSE,FALSE,FALSE,36.45,91,119,81,,96,,,,FALSE,,,,FALSE,,,FALSE,,FALSE,FALSE,FALSE,FALSE,FALSE,FALSE,FALSE,FALSE,,,,,FALSE
2020-04-14,Rapid COVID-19 Test,Nasal,Negative,67,TRUE,TRUE,FALSE,FALSE,FALSE,FALSE,FALSE,FALSE,FALSE,FALSE,36.90,78,144,85,15,96,,,,FALSE,,,,FALSE,,,FALSE,,FALSE,FALSE,FALSE,FALSE,FALSE,FALSE,FALSE,FALSE,"The cardiac silhouette is normal.
There is no radiographic evidence of pulmonary edema.
There is no radiographic evidence of pneumonia.
There is no pneumothorax visible.
",No significant abnormality.,Negative,https://braid.health/viewer/study/22d6208324dfb748e1571bf5ebbcf8d9eb1b9b12a2fa4f3e3d0cb0b5d142fc46?key=BIo8HvL8W_dy__4IdBFd1pxP3xoibTLfRwG4ErLo9Okog3RzXmcB0VJL-7onLz9PlL4OpSzut_hzZZGPnC6LX0,FALSE
2020-04-14,Rapid COVID-19 Test,Nasal,Positive,56,FALSE,FALSE,FALSE,FALSE,FALSE,FALSE,FALSE,FALSE,FALSE,FALSE,37.60,87,118,72,16,97,,,FALSE,FALSE,FALSE,FALSE,4,FALSE,,,TRUE,Mild,FALSE,FALSE,TRUE,FALSE,FALSE,FALSE,TRUE,FALSE,,,,,FALSE
2020-04-14,Rapid COVID-19 Test,Nasal,Negative,43,FALSE,FALSE,FALSE,FALSE,FALSE,FALSE,FALSE,FALSE,FALSE,FALSE,36.90,83,127,83,14,98,,,TRUE,FALSE,TRUE,TRUE,,FALSE,,FALSE,FALSE,,FALSE,FALSE,TRUE,FALSE,FALSE,FALSE,FALSE,FALSE,,,,,FALSE
2020-04-14,Rapid COVID-19 Test,Nasopharyngeal,Negative,38,TRUE,TRUE,FALSE,FALSE,FALSE,FALSE,FALSE,FALSE,FALSE,FALSE,36.95,70,114,77,16,100,,,FALSE,FALSE,FALSE,FALSE,,FALSE,,,FALSE,,FALSE,FALSE,FALSE,FALSE,FALSE,FALSE,FALSE,FALSE,,,,,FALSE
2020-04-14,Rapid COVID-19 Test,Nasal,Positive,37,FALSE,FALSE,FALSE,FALSE,FALSE,FALSE,FALSE,FALSE,FALSE,FALSE,37.00,92,116,80,,98,,,FALSE,FALSE,FALSE,FALSE,,FALSE,,,FALSE,,FALSE,FALSE,FALSE,FALSE,FALSE,FALSE,FALSE,FALSE,,,,,FALSE
2020-04-14,Rapid COVID-19 Test,Nasal,Negative,32,FALSE,TRUE,FALSE,FALSE,FALSE,FALSE,FALSE,FALSE,FALSE,FALSE,37.10,75,116,80,17,96,,,,,,,1,FALSE,,FALSE,FALSE,Mild,FALSE,FALSE,FALSE,FALSE,FALSE,FALSE,FALSE,FALSE,,,,,FALSE
2020-04-14,Rapid COVID-19 Test,Nasal,Negative,5,FALSE,FALSE,FALSE,FALSE,FALSE,FALSE,FALSE,FALSE,FALSE,FALSE,37.10,106,105,70,20,98,,,FALSE,FALSE,FALSE,FALSE,2,FALSE,,,FALSE,,FALSE,FALSE,FALSE,FALSE,FALSE,FALSE,FALSE,FALSE,,,,,FALSE
2020-04-14,Rapid COVID-19 Test,Nasal,Negative,59,FALSE,FALSE,FALSE,FALSE,FALSE,FALSE,TRUE,FALSE,FALSE,FALSE,37.15,76,121,81,16,96,Negative,,FALSE,FALSE,FALSE,FALSE,4,TRUE,Mild,FALSE,FALSE,,FALSE,TRUE,TRUE,FALSE,FALSE,TRUE,FALSE,TRUE,"The cardiac silhouette is normal.
There is no radiographic evidence of pulmonary edema.
There is no radiographic evidence of pneumonia.
There is no pneumothorax visible.
",No significant abnormality.,Negative,https://braid.health/viewer/study/2a3b4d88bc186712f9149dc3114e91a9990ff8c0498e7faa40d699a1e1ae2671?key=BIo8HvL8W_dy__4IdBFd1pxP3xoibTLfRwG4ErLo9Okog3RzXmcB0VJL-7onLz9PlL4OpSzut_hzZZGPnC6LX0,FALSE
2020-04-14,Rapid COVID-19 Test,Nasal,Negative,41,FALSE,FALSE,FALSE,FALSE,FALSE,FALSE,FALSE,FALSE,FALSE,FALSE,36.70,68,105,73,16,99,,,TRUE,TRUE,TRUE,TRUE,,FALSE,,,FALSE,,FALSE,FALSE,FALSE,FALSE,FALSE,FALSE,FALSE,FALSE,,,,,FALSE
2020-04-14,Rapid COVID-19 Test,Nasal,Negative,12,FALSE,FALSE,FALSE,FALSE,FALSE,FALSE,FALSE,FALSE,FALSE,FALSE,36.80,116,105,63,,97,Negative,,FALSE,FALSE,FALSE,FALSE,2,FALSE,,TRUE,FALSE,,FALSE,FALSE,TRUE,FALSE,FALSE,FALSE,TRUE,FALSE,,,,,FALSE
2020-04-14,Rapid COVID-19 Test,Nasal,Negative,35,FALSE,TRUE,TRUE,FALSE,FALSE,FALSE,TRUE,FALSE,TRUE,FALSE,36.65,98,141,89,16,100,,,FALSE,FALSE,FALSE,FALSE,5,TRUE,Mild,FALSE,TRUE,Mild,FALSE,FALSE,TRUE,FALSE,FALSE,FALSE,FALSE,TRUE,"The cardiac silhouette is normal.
There is no radiographic evidence of pulmonary edema or pneumonia.
There is no pneumothorax visible.
",No radiographic evidence of acute abnormality.,Negative,https://braid.health/viewer/study/a76f646cebdd1bc82c338e4e4b3dc9bc02757e832c02a919717b5a4aa0b1e087?key=BIo8HvL8W_dy__4IdBFd1pxP3xoibTLfRwG4ErLo9Okog3RzXmcB0VJL-7onLz9PlL4OpSzut_hzZZGPnC6LX0,FALSE
2020-04-14,Rapid COVID-19 Test,Nasal,Negative,71,FALSE,FALSE,FALSE,FALSE,FALSE,FALSE,FALSE,FALSE,FALSE,FALSE,37.10,74,149,89,16,97,,,FALSE,FALSE,FALSE,FALSE,,FALSE,,,FALSE,,FALSE,FALSE,FALSE,FALSE,FALSE,TRUE,FALSE,FALSE,,,,,FALSE
2020-04-14,SARS CoV w/CoV 2 RNA,Nasopharyngeal,Negative,35,TRUE,TRUE,FALSE,FALSE,FALSE,FALSE,FALSE,FALSE,FALSE,FALSE,37.00,71,127,81,18,98,,,,FALSE,,,3,TRUE,Mild,TRUE,FALSE,,FALSE,FALSE,FALSE,FALSE,FALSE,FALSE,FALSE,TRUE,,,,,FALSE
2020-04-14,Rapid COVID-19 Test,Nasal,Negative,39,TRUE,FALSE,FALSE,TRUE,FALSE,FALSE,FALSE,FALSE,FALSE,FALSE,,,,,,,,,,,,,21,TRUE,,,FALSE,,FALSE,TRUE,TRUE,FALSE,FALSE,FALSE,FALSE,TRUE,,,,,FALSE
2020-04-14,Rapid COVID-19 Test,Nasal,Negative,44,FALSE,FALSE,FALSE,FALSE,FALSE,FALSE,FALSE,FALSE,FALSE,FALSE,37.20,91,113,76,15,98,,,FALSE,FALSE,TRUE,TRUE,3,FALSE,,TRUE,FALSE,,TRUE,TRUE,TRUE,FALSE,FALSE,FALSE,FALSE,FALSE,,,,,FALSE
2020-04-14,Rapid COVID-19 Test,Nasal,Negative,26,,,FALSE,FALSE,FALSE,FALSE,FALSE,FALSE,FALSE,FALSE,37.25,77,132,80,,99,,,FALSE,FALSE,FALSE,FALSE,,FALSE,,,,,,,,,,,,,,,,,FALSE
2020-04-14,Rapid COVID-19 Test,Nasal,Positive,41,FALSE,FALSE,FALSE,FALSE,FALSE,FALSE,FALSE,FALSE,FALSE,FALSE,,89,134,84,,98,,,FALSE,FALSE,FALSE,FALSE,,FALSE,,,FALSE,,FALSE,FALSE,FALSE,FALSE,FALSE,FALSE,FALSE,FALSE,,,,,FALSE
2020-04-14,Rapid COVID-19 Test,Nasal,Negative,43,TRUE,FALSE,FALSE,FALSE,FALSE,FALSE,FALSE,FALSE,FALSE,FALSE,36.65,53,133,81,12,99,,,TRUE,FALSE,,,,FALSE,,FALSE,FALSE,,FALSE,TRUE,FALSE,FALSE,FALSE,FALSE,TRUE,FALSE,,,,,FALSE
2020-04-14,Rapid COVID-19 Test,Nasal,Negative,53,FALSE,,FALSE,FALSE,FALSE,FALSE,FALSE,FALSE,FALSE,FALSE,37.15,75,124,83,16,100,,,,FALSE,,,,TRUE,Moderate,,FALSE,,FALSE,FALSE,FALSE,FALSE,FALSE,FALSE,FALSE,FALSE,,,,,FALSE
2020-04-14,Rapid COVID-19 Test,Nasal,Negative,24,FALSE,FALSE,FALSE,FALSE,FALSE,FALSE,TRUE,FALSE,FALSE,FALSE,36.95,104,143,90,17,99,Negative,,FALSE,FALSE,FALSE,FALSE,1,FALSE,,TRUE,FALSE,,TRUE,TRUE,TRUE,FALSE,FALSE,FALSE,TRUE,FALSE,,,,,FALSE
2020-04-14,Rapid COVID-19 Test,Nasopharyngeal,Negative,35,TRUE,TRUE,FALSE,FALSE,FALSE,FALSE,TRUE,FALSE,FALSE,FALSE,,,,,16,,,,FALSE,FALSE,FALSE,FALSE,,FALSE,,FALSE,FALSE,,FALSE,TRUE,TRUE,FALSE,FALSE,TRUE,TRUE,FALSE,"The cardiac silhouette is normal.
There is no radiographic evidence of pulmonary edema.
There is no radiographic evidence of pneumonia.
There is no pneumothorax visible.
",No significant abnormality.,Negative,https://braid.health/viewer/study/93a09f5a31e5b9e3ab62905892a17b7e3d1a06c2769f696589ae0d0d3d43072d?key=BIo8HvL8W_dy__4IdBFd1pxP3xoibTLfRwG4ErLo9Okog3RzXmcB0VJL-7onLz9PlL4OpSzut_hzZZGPnC6LX0,FALSE
2020-04-14,Rapid COVID-19 Test,Nasal,Negative,56,FALSE,FALSE,FALSE,FALSE,FALSE,FALSE,FALSE,FALSE,FALSE,FALSE,,,146,90,,,,,FALSE,FALSE,FALSE,FALSE,14,TRUE,Moderate,TRUE,FALSE,,FALSE,TRUE,TRUE,FALSE,FALSE,FALSE,FALSE,FALSE,,,,,FALSE
2020-04-14,SARS CoV w/CoV 2 RNA,Nasopharyngeal,Negative,40,FALSE,TRUE,FALSE,TRUE,FALSE,FALSE,TRUE,FALSE,TRUE,FALSE,36.85,84,103,67,16,97,Negative,Negative,FALSE,FALSE,FALSE,FALSE,10,TRUE,Moderate,FALSE,TRUE,Severe,TRUE,TRUE,TRUE,FALSE,FALSE,TRUE,TRUE,TRUE,,,,,FALSE
2020-04-14,Rapid COVID-19 Test,Nasal,Negative,41,FALSE,TRUE,FALSE,FALSE,FALSE,FALSE,TRUE,FALSE,FALSE,FALSE,36.70,88,155,93,12,96,,,FALSE,FALSE,FALSE,FALSE,2,TRUE,Mild,FALSE,FALSE,,FALSE,FALSE,TRUE,FALSE,FALSE,FALSE,FALSE,TRUE,,,,,FALSE
2020-04-14,Rapid COVID-19 Test,Nasal,Negative,62,FALSE,,FALSE,FALSE,FALSE,FALSE,FALSE,FALSE,FALSE,FALSE,37.00,99,160,90,18,99,,,TRUE,FALSE,TRUE,TRUE,,FALSE,,,TRUE,,FALSE,FALSE,FALSE,FALSE,FALSE,FALSE,FALSE,FALSE,,,,,FALSE
2020-04-14,Rapid COVID-19 Test,Nasal,Negative,34,FALSE,FALSE,FALSE,FALSE,FALSE,FALSE,FALSE,FALSE,FALSE,FALSE,36.70,75,108,78,18,100,,,FALSE,FALSE,FALSE,FALSE,30,TRUE,Moderate,FALSE,FALSE,,FALSE,TRUE,TRUE,FALSE,FALSE,TRUE,FALSE,TRUE,"The cardiac silhouette is normal.
There is no radiographic evidence of pulmonary edema.
There is no radiographic evidence of pneumonia.
There is no pneumothorax visible.
",No significant abnormality.,Negative,https://braid.health/viewer/study/e9140b9d27d5b192bdac79ceb6744153464826b332b3a94b6c2d6918a8167843?key=BIo8HvL8W_dy__4IdBFd1pxP3xoibTLfRwG4ErLo9Okog3RzXmcB0VJL-7onLz9PlL4OpSzut_hzZZGPnC6LX0,FALSE
2020-04-14,Rapid COVID-19 Test,Nasal,Negative,32,FALSE,,FALSE,FALSE,FALSE,FALSE,FALSE,FALSE,FALSE,FALSE,36.80,85,129,88,12,96,,,FALSE,FALSE,FALSE,FALSE,,FALSE,,,FALSE,,FALSE,FALSE,FALSE,FALSE,FALSE,FALSE,FALSE,FALSE,,,,,FALSE
2020-04-14,Rapid COVID-19 Test,Nasopharyngeal,Negative,40,TRUE,,FALSE,FALSE,FALSE,FALSE,FALSE,FALSE,FALSE,FALSE,37.20,81,132,81,16,99,,Negative,FALSE,FALSE,FALSE,FALSE,14,TRUE,,,FALSE,,FALSE,FALSE,TRUE,FALSE,FALSE,FALSE,TRUE,TRUE,,,,,FALSE
2020-04-14,Rapid COVID-19 Test,Nasal,Negative,11,FALSE,,FALSE,FALSE,FALSE,FALSE,FALSE,FALSE,FALSE,FALSE,37.70,111,111,70,12,98,,,FALSE,FALSE,FALSE,FALSE,1,TRUE,Mild,,FALSE,,FALSE,TRUE,TRUE,FALSE,FALSE,FALSE,FALSE,TRUE,,,,,FALSE
2020-04-14,Rapid COVID-19 Test,Nasal,Negative,22,FALSE,FALSE,TRUE,FALSE,FALSE,FALSE,FALSE,FALSE,TRUE,FALSE,36.75,75,96,61,17,98,,,FALSE,FALSE,,,,FALSE,,,FALSE,,FALSE,FALSE,FALSE,FALSE,FALSE,FALSE,FALSE,TRUE,,,,,FALSE
2020-04-14,Rapid COVID-19 Test,Nasal,Negative,32,TRUE,TRUE,FALSE,FALSE,FALSE,FALSE,FALSE,FALSE,FALSE,FALSE,36.65,105,139,92,12,97,,,FALSE,FALSE,FALSE,FALSE,,FALSE,,FALSE,TRUE,Moderate,FALSE,TRUE,TRUE,TRUE,TRUE,FALSE,FALSE,FALSE,,,,,FALSE
2020-04-14,Rapid COVID-19 Test,Nasal,Negative,50,FALSE,FALSE,FALSE,FALSE,FALSE,FALSE,FALSE,FALSE,FALSE,FALSE,37.00,88,113,74,17,100,,,FALSE,FALSE,FALSE,FALSE,28,FALSE,,TRUE,TRUE,Moderate,TRUE,TRUE,FALSE,FALSE,FALSE,FALSE,FALSE,FALSE,,,,,FALSE
2020-04-14,Rapid COVID-19 Test,Nasopharyngeal,Negative,47,TRUE,TRUE,FALSE,FALSE,FALSE,FALSE,FALSE,FALSE,TRUE,FALSE,,,,,,,,,,,,,4,TRUE,Moderate,,FALSE,,FALSE,TRUE,TRUE,FALSE,FALSE,TRUE,TRUE,TRUE,,,,,FALSE
2020-04-14,Rapid COVID-19 Test,Nasal,Positive,73,TRUE,FALSE,FALSE,FALSE,FALSE,FALSE,FALSE,FALSE,FALSE,FALSE,37.15,95,129,75,17,94,,,,,,,14,TRUE,,,TRUE,,FALSE,FALSE,FALSE,FALSE,FALSE,TRUE,FALSE,TRUE,,,,,FALSE
2020-04-14,Rapid COVID-19 Test,Nasal,Negative,24,TRUE,FALSE,FALSE,FALSE,FALSE,FALSE,FALSE,FALSE,FALSE,FALSE,37.15,84,117,69,,99,,,FALSE,FALSE,FALSE,FALSE,,FALSE,,,FALSE,,FALSE,FALSE,FALSE,FALSE,FALSE,FALSE,FALSE,TRUE,,,,,FALSE
2020-04-14,Rapid COVID-19 Test,Nasal,Negative,45,FALSE,TRUE,FALSE,FALSE,FALSE,FALSE,FALSE,FALSE,FALSE,FALSE,36.70,52,118,76,12,100,,,FALSE,FALSE,FALSE,FALSE,3,FALSE,,TRUE,FALSE,,TRUE,TRUE,TRUE,FALSE,FALSE,FALSE,FALSE,FALSE,,,,,FALSE
2020-04-14,Rapid COVID-19 Test,Nasal,Negative,47,FALSE,FALSE,FALSE,FALSE,FALSE,TRUE,FALSE,FALSE,FALSE,FALSE,36.45,50,119,74,16,98,,,FALSE,FALSE,FALSE,FALSE,2,TRUE,Mild,,FALSE,,FALSE,FALSE,FALSE,FALSE,FALSE,FALSE,TRUE,FALSE,,,,,FALSE
2020-04-14,Rapid COVID-19 Test,Nasal,Negative,26,TRUE,TRUE,FALSE,FALSE,FALSE,FALSE,FALSE,FALSE,FALSE,FALSE,36.85,95,112,76,16,100,,,FALSE,FALSE,FALSE,FALSE,3,TRUE,Mild,FALSE,FALSE,,FALSE,TRUE,TRUE,FALSE,FALSE,FALSE,TRUE,TRUE,,,,,FALSE
2020-04-14,Rapid COVID-19 Test,Nasal,Negative,53,FALSE,TRUE,FALSE,FALSE,FALSE,FALSE,FALSE,FALSE,FALSE,FALSE,36.95,66,98,65,16,100,,,FALSE,FALSE,FALSE,TRUE,14,TRUE,Mild,FALSE,FALSE,,FALSE,FALSE,FALSE,FALSE,FALSE,FALSE,FALSE,FALSE,,,,,FALSE
2020-04-14,Rapid COVID-19 Test,Nasopharyngeal,Negative,41,TRUE,FALSE,FALSE,FALSE,FALSE,FALSE,FALSE,FALSE,FALSE,FALSE,37.10,107,123,85,16,98,Negative,,FALSE,FALSE,FALSE,FALSE,4,TRUE,Moderate,FALSE,FALSE,,TRUE,TRUE,TRUE,FALSE,FALSE,FALSE,TRUE,FALSE,"The cardiac silhouette is normal.
There is no radiographic evidence of pulmonary edema.
There is no radiographic evidence of pneumonia.
There is no pneumothorax visible.
",No significant abnormality.,Negative,https://braid.health/viewer/study/308e514f5043803a91f207cb80543015bb7b482678ca7f521ad2199463a995e5?key=BIo8HvL8W_dy__4IdBFd1pxP3xoibTLfRwG4ErLo9Okog3RzXmcB0VJL-7onLz9PlL4OpSzut_hzZZGPnC6LX0,FALSE
2020-04-14,Rapid COVID-19 Test,Nasal,Negative,52,FALSE,,FALSE,FALSE,FALSE,FALSE,FALSE,FALSE,FALSE,FALSE,37.10,75,123,80,12,96,,,FALSE,FALSE,FALSE,FALSE,,FALSE,,,FALSE,,FALSE,FALSE,TRUE,FALSE,FALSE,FALSE,FALSE,TRUE,,,,,FALSE
2020-04-14,Rapid COVID-19 Test,Nasal,Negative,48,FALSE,FALSE,FALSE,FALSE,FALSE,FALSE,FALSE,FALSE,FALSE,FALSE,36.85,80,119,86,16,97,,,FALSE,FALSE,FALSE,FALSE,14,FALSE,,,FALSE,,TRUE,TRUE,FALSE,FALSE,FALSE,FALSE,TRUE,FALSE,,,,,FALSE
2020-04-14,Rapid COVID-19 Test,Nasal,Negative,26,FALSE,TRUE,FALSE,FALSE,FALSE,FALSE,FALSE,FALSE,FALSE,FALSE,36.90,66,136,87,17,97,,,FALSE,FALSE,FALSE,FALSE,14,TRUE,Moderate,FALSE,TRUE,Mild,FALSE,FALSE,TRUE,FALSE,FALSE,FALSE,FALSE,TRUE,"The cardiac silhouette is normal.
There is no radiographic evidence of pulmonary edema.
There is no radiographic evidence of pneumonia.
There is no pneumothorax visible.
",No significant abnormality.,Negative,https://braid.health/viewer/study/b08835108f6cb3f1c48744e949929ced6dab4855be96cf52a33339c767f8ad27?key=BIo8HvL8W_dy__4IdBFd1pxP3xoibTLfRwG4ErLo9Okog3RzXmcB0VJL-7onLz9PlL4OpSzut_hzZZGPnC6LX0,FALSE
2020-04-14,Rapid COVID-19 Test,Nasal,Negative,31,FALSE,,FALSE,FALSE,FALSE,FALSE,FALSE,FALSE,FALSE,FALSE,36.90,95,124,87,16,98,Negative,,FALSE,FALSE,FALSE,FALSE,5,FALSE,,,FALSE,,FALSE,TRUE,TRUE,FALSE,FALSE,FALSE,FALSE,FALSE,,,,,FALSE
2020-04-14,Rapid COVID-19 Test,Nasal,Negative,44,TRUE,FALSE,FALSE,FALSE,FALSE,FALSE,TRUE,FALSE,FALSE,FALSE,37.20,80,146,72,16,98,,,,FALSE,,,,FALSE,,FALSE,FALSE,,FALSE,FALSE,FALSE,FALSE,FALSE,FALSE,FALSE,FALSE,,,,,FALSE
2020-04-14,Rapid COVID-19 Test,Nasal,Negative,24,FALSE,TRUE,FALSE,FALSE,FALSE,FALSE,TRUE,FALSE,FALSE,FALSE,36.70,73,128,87,15,100,,,FALSE,FALSE,FALSE,FALSE,7,TRUE,Moderate,TRUE,TRUE,Moderate,FALSE,TRUE,TRUE,FALSE,FALSE,TRUE,TRUE,FALSE,,,,,FALSE
2020-04-14,Rapid COVID-19 Test,Nasal,Negative,50,FALSE,FALSE,FALSE,FALSE,FALSE,FALSE,TRUE,FALSE,FALSE,FALSE,37.10,70,134,90,15,99,Negative,,FALSE,FALSE,FALSE,FALSE,21,TRUE,Moderate,TRUE,TRUE,Moderate,FALSE,TRUE,TRUE,FALSE,FALSE,FALSE,FALSE,FALSE,"The cardiac silhouette is normal.
There is no radiographic evidence of pulmonary edema.
There is no radiographic evidence of pneumonia.
There is no pneumothorax visible.
",No significant abnormality.,Negative,https://braid.health/viewer/study/b96e836bdbc54a60ad6f99f48c69764d8968732b15a66f374d2bd0038e372107?key=BIo8HvL8W_dy__4IdBFd1pxP3xoibTLfRwG4ErLo9Okog3RzXmcB0VJL-7onLz9PlL4OpSzut_hzZZGPnC6LX0,FALSE
2020-04-14,Rapid COVID-19 Test,Nasal,Negative,33,FALSE,FALSE,FALSE,FALSE,FALSE,FALSE,FALSE,FALSE,FALSE,FALSE,37.00,71,111,71,17,98,,Negative,FALSE,FALSE,FALSE,FALSE,5,FALSE,,FALSE,FALSE,Mild,FALSE,TRUE,TRUE,FALSE,FALSE,FALSE,FALSE,TRUE,,,,,FALSE
2020-04-14,Rapid COVID-19 Test,Nasal,Negative,49,FALSE,TRUE,FALSE,FALSE,FALSE,FALSE,FALSE,FALSE,FALSE,FALSE,36.70,63,140,82,,98,,,FALSE,FALSE,,,,FALSE,,FALSE,FALSE,,FALSE,FALSE,FALSE,FALSE,FALSE,FALSE,FALSE,FALSE,,,,,FALSE
2020-04-14,Rapid COVID-19 Test,Nasal,Negative,67,FALSE,FALSE,FALSE,FALSE,FALSE,FALSE,FALSE,FALSE,FALSE,FALSE,36.80,62,129,73,15,98,,,,FALSE,,,,FALSE,,,FALSE,,FALSE,FALSE,FALSE,FALSE,FALSE,TRUE,FALSE,FALSE,,,,,FALSE
2020-04-14,Rapid COVID-19 Test,Nasal,Negative,46,FALSE,,FALSE,FALSE,FALSE,FALSE,FALSE,FALSE,FALSE,FALSE,37.00,79,120,80,18,100,,,FALSE,FALSE,FALSE,FALSE,,TRUE,,,FALSE,,FALSE,FALSE,FALSE,FALSE,FALSE,FALSE,FALSE,FALSE,,,,,FALSE
2020-04-14,Rapid COVID-19 Test,Nasopharyngeal,Positive,23,TRUE,TRUE,FALSE,FALSE,FALSE,FALSE,FALSE,FALSE,FALSE,FALSE,37.10,99,127,85,16,99,,,FALSE,FALSE,FALSE,FALSE,1,TRUE,Mild,,FALSE,,FALSE,FALSE,TRUE,TRUE,TRUE,FALSE,FALSE,FALSE,,,,,FALSE
2020-04-14,Rapid COVID-19 Test,Nasal,Negative,33,FALSE,FALSE,FALSE,FALSE,FALSE,FALSE,TRUE,FALSE,FALSE,FALSE,36.75,79,125,87,16,,Negative,,FALSE,FALSE,FALSE,FALSE,3,TRUE,Moderate,FALSE,FALSE,,FALSE,FALSE,TRUE,FALSE,FALSE,TRUE,FALSE,TRUE,,,,,FALSE
2020-04-14,SARS CoV w/CoV 2 RNA,Nasopharyngeal,Negative,52,FALSE,FALSE,FALSE,FALSE,FALSE,FALSE,FALSE,FALSE,FALSE,FALSE,,,,,,,,,,,,,3,FALSE,,,FALSE,,FALSE,TRUE,TRUE,FALSE,FALSE,FALSE,FALSE,FALSE,,,,,FALSE
2020-04-14,Rapid COVID-19 Test,Nasal,Positive,42,FALSE,,FALSE,FALSE,FALSE,FALSE,FALSE,FALSE,FALSE,FALSE,36.80,76,120,80,,99,,,FALSE,FALSE,FALSE,FALSE,1,FALSE,,,FALSE,,FALSE,FALSE,FALSE,FALSE,FALSE,FALSE,FALSE,FALSE,,,,,FALSE
2020-04-14,Rapid COVID-19 Test,Nasal,Negative,35,FALSE,FALSE,FALSE,FALSE,FALSE,FALSE,TRUE,FALSE,FALSE,FALSE,36.75,63,159,106,17,98,,,FALSE,FALSE,FALSE,FALSE,2,FALSE,,FALSE,TRUE,Mild,FALSE,FALSE,FALSE,FALSE,FALSE,FALSE,FALSE,FALSE,,,,,FALSE
2020-04-14,Rapid COVID-19 Test,Nasal,Negative,21,TRUE,TRUE,FALSE,FALSE,FALSE,FALSE,FALSE,FALSE,FALSE,FALSE,36.65,135,117,80,,97,,,FALSE,FALSE,FALSE,FALSE,7,FALSE,,FALSE,TRUE,Severe,TRUE,FALSE,FALSE,FALSE,FALSE,FALSE,FALSE,FALSE,"The cardiac silhouette is normal.
There is no radiographic evidence of pulmonary edema.
There is no radiographic evidence of pneumonia.
There is no pneumothorax visible.
",No significant abnormality.,Negative,https://braid.health/viewer/study/ab7f246c3727966307ab68910b8668401c60fa50e938d1675877f7c76595e6ac?key=BIo8HvL8W_dy__4IdBFd1pxP3xoibTLfRwG4ErLo9Okog3RzXmcB0VJL-7onLz9PlL4OpSzut_hzZZGPnC6LX0,FALSE
2020-04-14,Rapid COVID-19 Test,Nasal,Negative,65,FALSE,FALSE,FALSE,TRUE,TRUE,FALSE,FALSE,FALSE,FALSE,FALSE,36.75,76,127,84,12,98,,,FALSE,,,,14,FALSE,,,FALSE,,FALSE,FALSE,FALSE,FALSE,FALSE,TRUE,FALSE,FALSE,"The cardiac silhouette is normal.
There is no radiographic evidence of pulmonary edema.
There is no radiographic evidence of pneumonia.
There is no pneumothorax visible.
",No significant abnormality.,Negative,https://braid.health/viewer/study/62b5c70f96f8d12224eaeb3c8daf3f24c528074748c2a06ad2ac34ac413924a7?key=BIo8HvL8W_dy__4IdBFd1pxP3xoibTLfRwG4ErLo9Okog3RzXmcB0VJL-7onLz9PlL4OpSzut_hzZZGPnC6LX0,FALSE
2020-04-14,Rapid COVID-19 Test,Nasal,Negative,37,FALSE,FALSE,FALSE,FALSE,FALSE,FALSE,FALSE,FALSE,FALSE,FALSE,36.85,62,104,59,17,98,,,FALSE,FALSE,FALSE,FALSE,,FALSE,,FALSE,FALSE,,FALSE,TRUE,TRUE,FALSE,FALSE,FALSE,FALSE,TRUE,,,,,FALSE
2020-04-14,Rapid COVID-19 Test,Nasal,Negative,31,FALSE,TRUE,FALSE,FALSE,FALSE,FALSE,FALSE,FALSE,FALSE,FALSE,,73,114,68,,97,,,FALSE,FALSE,FALSE,FALSE,3,TRUE,Moderate,FALSE,FALSE,,FALSE,TRUE,TRUE,FALSE,FALSE,TRUE,FALSE,FALSE,,,,,FALSE
2020-04-14,Rapid COVID-19 Test,Nasal,Negative,37,FALSE,FALSE,FALSE,FALSE,FALSE,FALSE,FALSE,FALSE,FALSE,FALSE,37.00,85,121,72,12,97,,,FALSE,FALSE,FALSE,FALSE,3,TRUE,Moderate,TRUE,FALSE,,FALSE,TRUE,FALSE,FALSE,FALSE,FALSE,FALSE,TRUE,,,,,FALSE
2020-04-14,Rapid COVID-19 Test,Nasal,Negative,29,TRUE,TRUE,FALSE,FALSE,FALSE,FALSE,TRUE,FALSE,FALSE,FALSE,36.70,82,128,80,17,100,,,FALSE,FALSE,FALSE,FALSE,14,TRUE,Moderate,,TRUE,Mild,FALSE,TRUE,TRUE,FALSE,FALSE,TRUE,FALSE,TRUE,,,,,FALSE
2020-04-14,Rapid COVID-19 Test,Nasal,Negative,33,TRUE,,FALSE,FALSE,FALSE,FALSE,FALSE,FALSE,FALSE,FALSE,36.70,75,130,83,,99,,,FALSE,FALSE,FALSE,FALSE,5,FALSE,,,FALSE,,FALSE,FALSE,FALSE,FALSE,FALSE,FALSE,FALSE,FALSE,,,,,FALSE
2020-04-14,Rapid COVID-19 Test,Nasal,Negative,26,FALSE,TRUE,FALSE,FALSE,FALSE,FALSE,TRUE,FALSE,FALSE,FALSE,37.65,78,100,66,14,97,,,,FALSE,,,3,FALSE,,TRUE,TRUE,Moderate,FALSE,TRUE,TRUE,TRUE,TRUE,TRUE,TRUE,TRUE,"The cardiac silhouette is normal.
There is no radiographic evidence of pulmonary edema.
There is no radiographic evidence of pneumonia.
There is no pneumothorax visible.
",No significant abnormality.,Negative,https://braid.health/viewer/study/8ba5fe8d41030720e00e5d806c7eee71b1f4ecd80bc52c25b76822b1bb4fa3af?key=BIo8HvL8W_dy__4IdBFd1pxP3xoibTLfRwG4ErLo9Okog3RzXmcB0VJL-7onLz9PlL4OpSzut_hzZZGPnC6LX0,FALSE
2020-04-14,Rapid COVID-19 Test,Nasal,Negative,50,FALSE,FALSE,FALSE,FALSE,TRUE,FALSE,FALSE,FALSE,FALSE,FALSE,36.65,60,130,87,12,97,Negative,,FALSE,FALSE,FALSE,FALSE,7,TRUE,Moderate,TRUE,TRUE,Moderate,TRUE,TRUE,FALSE,FALSE,FALSE,FALSE,FALSE,FALSE,"The cardiac silhouette is normal.
There is no radiographic evidence of pulmonary edema.
There is no radiographic evidence of pneumonia.
There is no pneumothorax visible.
",No significant abnormality.,Negative,https://braid.health/viewer/study/c38a6cd6a2bef78803e327732fd3d53d28a531673394299fb2b316efa6309baf?key=BIo8HvL8W_dy__4IdBFd1pxP3xoibTLfRwG4ErLo9Okog3RzXmcB0VJL-7onLz9PlL4OpSzut_hzZZGPnC6LX0,FALSE
2020-04-14,Rapid COVID-19 Test,Nasal,Negative,66,TRUE,TRUE,FALSE,FALSE,TRUE,FALSE,FALSE,FALSE,FALSE,FALSE,36.50,77,109,64,16,99,,,FALSE,FALSE,FALSE,FALSE,,FALSE,,,FALSE,,TRUE,FALSE,FALSE,FALSE,FALSE,FALSE,FALSE,FALSE,,,,,FALSE
2020-04-14,Rapid COVID-19 Test,Nasal,Negative,44,TRUE,TRUE,FALSE,FALSE,FALSE,FALSE,FALSE,FALSE,FALSE,FALSE,36.70,74,131,85,17,98,,,FALSE,FALSE,FALSE,FALSE,,FALSE,,FALSE,FALSE,,FALSE,FALSE,FALSE,FALSE,FALSE,FALSE,FALSE,TRUE,,,,,FALSE
2020-04-14,SARS CoV w/CoV 2 RNA,Nasopharyngeal,Negative,27,FALSE,TRUE,FALSE,FALSE,FALSE,FALSE,FALSE,FALSE,FALSE,FALSE,37.00,98,138,91,19,100,,,,,,,21,TRUE,Mild,FALSE,FALSE,,FALSE,FALSE,FALSE,FALSE,FALSE,FALSE,FALSE,FALSE,,,,,FALSE
2020-04-14,Rapid COVID-19 Test,Nasal,Negative,53,FALSE,,FALSE,FALSE,FALSE,FALSE,FALSE,FALSE,FALSE,FALSE,36.75,72,143,90,17,100,,,FALSE,FALSE,FALSE,FALSE,,TRUE,,,TRUE,Severe,FALSE,FALSE,FALSE,FALSE,FALSE,FALSE,TRUE,FALSE,"The cardiac silhouette is normal.
There is no radiographic evidence of pulmonary edema.
There is no radiographic evidence of pneumonia.
There is no pneumothorax visible.
",No significant abnormality.,Negative,https://braid.health/viewer/study/173a4b1b4004c6005db9e06e4d8a31ea1a95a07f025e58693b2ea4e1531ccf72?key=BIo8HvL8W_dy__4IdBFd1pxP3xoibTLfRwG4ErLo9Okog3RzXmcB0VJL-7onLz9PlL4OpSzut_hzZZGPnC6LX0,FALSE
2020-04-14,Rapid COVID-19 Test,Nasal,Negative,36,FALSE,FALSE,FALSE,FALSE,FALSE,FALSE,FALSE,FALSE,FALSE,FALSE,36.70,73,131,88,17,98,,,FALSE,FALSE,FALSE,FALSE,,FALSE,,FALSE,FALSE,,FALSE,FALSE,FALSE,FALSE,FALSE,FALSE,FALSE,FALSE,,,,,FALSE
2020-04-14,Rapid COVID-19 Test,Nasal,Negative,22,FALSE,FALSE,FALSE,FALSE,FALSE,FALSE,FALSE,FALSE,FALSE,FALSE,36.50,112,145,97,,98,,,FALSE,FALSE,FALSE,FALSE,5,TRUE,Moderate,FALSE,TRUE,Moderate,FALSE,FALSE,FALSE,FALSE,FALSE,FALSE,FALSE,FALSE,,,,,FALSE
2020-04-14,Rapid COVID-19 Test,Nasal,Negative,28,FALSE,FALSE,FALSE,FALSE,FALSE,FALSE,FALSE,FALSE,FALSE,FALSE,37.40,81,122,84,16,99,,,FALSE,FALSE,FALSE,FALSE,3,FALSE,,,TRUE,Mild,FALSE,TRUE,FALSE,FALSE,FALSE,FALSE,FALSE,FALSE,,,,,FALSE
2020-04-14,Rapid COVID-19 Test,Nasal,Negative,24,TRUE,,FALSE,FALSE,FALSE,FALSE,FALSE,FALSE,FALSE,FALSE,37.60,71,115,66,17,100,,,FALSE,FALSE,FALSE,FALSE,2,FALSE,,,FALSE,,TRUE,FALSE,FALSE,FALSE,FALSE,TRUE,FALSE,FALSE,,,,,FALSE
2020-04-14,Rapid COVID-19 Test,Nasal,Negative,32,FALSE,,FALSE,FALSE,FALSE,FALSE,FALSE,FALSE,FALSE,FALSE,36.90,68,128,91,17,97,,,FALSE,,,FALSE,,FALSE,,,FALSE,,FALSE,FALSE,TRUE,FALSE,FALSE,TRUE,FALSE,TRUE,"The cardiac silhouette is normal.
There is no radiographic evidence of pulmonary edema or pneumonia. Low lung volumes accentuate atelectatic markings and hilar prominence.
There is no pneumothorax visible.
","No acute radiographic abnormality, allowing for low lung volumes. Please note that chest radiographs may exhibit limited sensitivity for subtle groundglass opacity, as can be seen in early viral pneumonia.",Negative,https://braid.health/viewer/study/d7c6148de0a4cf6311d1df67fcba5dc9479db15e4b0a40bba652672f97fbda34?key=BIo8HvL8W_dy__4IdBFd1pxP3xoibTLfRwG4ErLo9Okog3RzXmcB0VJL-7onLz9PlL4OpSzut_hzZZGPnC6LX0,FALSE
2020-04-14,Rapid COVID-19 Test,Nasal,Negative,34,TRUE,TRUE,FALSE,FALSE,FALSE,FALSE,FALSE,FALSE,FALSE,FALSE,37.30,90,126,85,,98,,,FALSE,FALSE,,FALSE,,FALSE,,FALSE,FALSE,,FALSE,FALSE,FALSE,FALSE,FALSE,FALSE,FALSE,TRUE,,,,,FALSE
2020-04-14,Rapid COVID-19 Test,Nasal,Negative,35,FALSE,FALSE,FALSE,FALSE,FALSE,FALSE,TRUE,FALSE,FALSE,FALSE,,,125,86,,,,,FALSE,FALSE,FALSE,FALSE,7,FALSE,,FALSE,TRUE,Moderate,TRUE,TRUE,TRUE,FALSE,FALSE,FALSE,FALSE,TRUE,,,,,FALSE
2020-04-14,SARS CoV w/CoV 2 RNA,Nasopharyngeal,Negative,62,FALSE,,FALSE,FALSE,FALSE,FALSE,FALSE,FALSE,FALSE,FALSE,37.00,80,147,94,16,98,,,FALSE,FALSE,FALSE,FALSE,,FALSE,,,FALSE,,FALSE,FALSE,FALSE,FALSE,FALSE,FALSE,FALSE,FALSE,,,,,FALSE
2020-04-14,SARS CoV w/CoV 2 RNA,Nasopharyngeal,Positive,10,TRUE,FALSE,FALSE,FALSE,FALSE,FALSE,FALSE,FALSE,FALSE,FALSE,37.20,128,,,20,97,Negative,,FALSE,FALSE,FALSE,FALSE,2,TRUE,Moderate,FALSE,FALSE,,FALSE,FALSE,FALSE,TRUE,TRUE,FALSE,FALSE,FALSE,,,,,FALSE
2020-04-14,Rapid COVID-19 Test,Nasal,Negative,25,TRUE,TRUE,FALSE,FALSE,FALSE,FALSE,FALSE,FALSE,FALSE,FALSE,36.90,81,136,78,16,99,,,FALSE,FALSE,FALSE,FALSE,,FALSE,,FALSE,FALSE,,FALSE,FALSE,FALSE,FALSE,FALSE,FALSE,FALSE,TRUE,,,,,FALSE
2020-04-14,Rapid COVID-19 Test,Nasal,Negative,54,TRUE,TRUE,FALSE,FALSE,FALSE,FALSE,FALSE,FALSE,FALSE,FALSE,37.45,67,131,84,16,99,,,FALSE,FALSE,FALSE,FALSE,7,TRUE,Mild,FALSE,FALSE,,FALSE,FALSE,TRUE,FALSE,FALSE,TRUE,TRUE,TRUE,,,,,FALSE
2020-04-14,Rapid COVID-19 Test,Nasal,Negative,73,FALSE,,FALSE,FALSE,TRUE,FALSE,FALSE,FALSE,FALSE,FALSE,37.20,79,180,84,16,96,,,FALSE,FALSE,FALSE,FALSE,,FALSE,,,FALSE,,FALSE,FALSE,FALSE,FALSE,FALSE,FALSE,FALSE,FALSE,"The cardiac silhouette is normal.
There is no radiographic evidence of pulmonary edema.
There is no radiographic evidence of pneumonia.
There is no pneumothorax visible.
",No significant abnormality.,Negative,https://braid.health/viewer/study/c7b7e91f9d98249d2d5dc47171c70cd58e4ae50c168ac6f926e3c845e6f5466e?key=BIo8HvL8W_dy__4IdBFd1pxP3xoibTLfRwG4ErLo9Okog3RzXmcB0VJL-7onLz9PlL4OpSzut_hzZZGPnC6LX0,FALSE
2020-04-14,Rapid COVID-19 Test,Nasal,Negative,44,FALSE,FALSE,FALSE,FALSE,FALSE,FALSE,FALSE,FALSE,FALSE,FALSE,38.45,105,129,83,16,98,,Negative,TRUE,FALSE,FALSE,TRUE,2,FALSE,,TRUE,FALSE,,FALSE,TRUE,TRUE,FALSE,FALSE,FALSE,TRUE,TRUE,,,,,FALSE
2020-04-14,Rapid COVID-19 Test,Nasal,Negative,79,FALSE,,FALSE,FALSE,FALSE,FALSE,FALSE,FALSE,FALSE,FALSE,37.15,76,139,85,12,95,,,FALSE,FALSE,FALSE,FALSE,,FALSE,,,FALSE,,FALSE,FALSE,FALSE,FALSE,FALSE,FALSE,FALSE,FALSE,,,,,FALSE
2020-04-14,Rapid COVID-19 Test,Nasopharyngeal,Negative,30,FALSE,FALSE,FALSE,FALSE,FALSE,FALSE,FALSE,FALSE,FALSE,FALSE,36.90,70,104,71,16,99,,,FALSE,FALSE,FALSE,FALSE,,FALSE,,FALSE,FALSE,,FALSE,FALSE,FALSE,FALSE,FALSE,FALSE,FALSE,FALSE,,,,,FALSE
2020-04-14,Rapid COVID-19 Test,Nasal,Negative,33,FALSE,FALSE,FALSE,FALSE,FALSE,FALSE,FALSE,FALSE,FALSE,FALSE,37.15,86,124,85,17,97,Negative,,FALSE,FALSE,FALSE,FALSE,,FALSE,,,FALSE,,FALSE,FALSE,FALSE,FALSE,FALSE,FALSE,TRUE,FALSE,,,,,FALSE
2020-04-14,Rapid COVID-19 Test,Nasopharyngeal,Negative,31,FALSE,FALSE,FALSE,FALSE,FALSE,FALSE,FALSE,FALSE,FALSE,FALSE,36.40,56,131,88,16,97,Negative,,FALSE,FALSE,FALSE,FALSE,2,FALSE,,TRUE,FALSE,,TRUE,FALSE,TRUE,FALSE,FALSE,FALSE,TRUE,FALSE,"The cardiac silhouette is normal.
There is no radiographic evidence of pulmonary edema.
There is no radiographic evidence of pneumonia.
There is no pneumothorax visible.
",No significant abnormality.,Negative,https://braid.health/viewer/study/a3c45ad8ddb0c2b13a31b55352f9c2171ea42a07fb15ea32465c05e3fc11a2b0?key=BIo8HvL8W_dy__4IdBFd1pxP3xoibTLfRwG4ErLo9Okog3RzXmcB0VJL-7onLz9PlL4OpSzut_hzZZGPnC6LX0,FALSE
2020-04-14,Rapid COVID-19 Test,Nasal,Negative,30,FALSE,FALSE,FALSE,FALSE,FALSE,FALSE,TRUE,FALSE,FALSE,FALSE,37.15,77,123,75,12,97,,,FALSE,FALSE,,,,FALSE,,FALSE,FALSE,,FALSE,TRUE,FALSE,FALSE,FALSE,TRUE,FALSE,TRUE,,,,,FALSE
2020-04-14,Rapid COVID-19 Test,Nasopharyngeal,Negative,66,TRUE,TRUE,TRUE,FALSE,FALSE,FALSE,FALSE,FALSE,FALSE,FALSE,36.85,84,137,85,16,98,,,FALSE,FALSE,FALSE,FALSE,,FALSE,,FALSE,FALSE,,FALSE,FALSE,FALSE,FALSE,FALSE,FALSE,FALSE,FALSE,,,,,FALSE
2020-04-14,Rapid COVID-19 Test,Nasal,Negative,37,FALSE,FALSE,FALSE,FALSE,FALSE,FALSE,FALSE,FALSE,FALSE,FALSE,36.85,76,127,87,17,99,,,FALSE,FALSE,FALSE,FALSE,10,TRUE,Mild,,TRUE,Mild,FALSE,TRUE,TRUE,FALSE,FALSE,FALSE,FALSE,TRUE,,,,,FALSE
2020-04-14,Rapid COVID-19 Test,Nasal,Negative,29,FALSE,FALSE,FALSE,FALSE,FALSE,FALSE,FALSE,FALSE,FALSE,FALSE,36.80,67,131,65,17,98,,,FALSE,FALSE,FALSE,FALSE,7,TRUE,Moderate,,FALSE,,FALSE,FALSE,FALSE,FALSE,FALSE,FALSE,FALSE,TRUE,,,,,FALSE
2020-04-14,Rapid COVID-19 Test,Nasal,Negative,39,FALSE,FALSE,FALSE,FALSE,FALSE,FALSE,FALSE,FALSE,FALSE,FALSE,37.15,74,114,78,17,96,,,FALSE,FALSE,FALSE,FALSE,7,TRUE,Mild,,FALSE,,FALSE,FALSE,FALSE,FALSE,FALSE,FALSE,FALSE,FALSE,,,,,FALSE
2020-04-14,Rapid COVID-19 Test,Nasal,Negative,46,FALSE,FALSE,FALSE,FALSE,TRUE,FALSE,FALSE,FALSE,FALSE,FALSE,36.95,66,155,92,14,100,,,FALSE,FALSE,FALSE,FALSE,4,TRUE,Mild,FALSE,TRUE,Mild,FALSE,TRUE,TRUE,FALSE,FALSE,FALSE,TRUE,FALSE,,,,,FALSE
2020-04-14,Rapid COVID-19 Test,Nasal,Negative,40,,,FALSE,FALSE,FALSE,FALSE,FALSE,FALSE,FALSE,FALSE,36.90,81,95,69,16,99,,,FALSE,FALSE,FALSE,FALSE,,FALSE,,,,,,,,,,,,,"The cardiac silhouette is normal.
There is no radiographic evidence of pulmonary edema.
There is no radiographic evidence of pneumonia.
There is no pneumothorax visible.
",No significant abnormality.,Negative,https://braid.health/viewer/study/30ab1fb4cb154f91bb376cbf2023811cfa13e235c33779ab8f7676bba58faf2f?key=BIo8HvL8W_dy__4IdBFd1pxP3xoibTLfRwG4ErLo9Okog3RzXmcB0VJL-7onLz9PlL4OpSzut_hzZZGPnC6LX0,FALSE